"Source","Target","Weight"
1,19,3
1,29,2
1,55,1
1,57,1
1,77,4
1,83,1
1,90,8
1,91,11
1,115,1
1,141,1
1,144,13
1,172,1
1,176,1
1,184,1
1,214,1
1,215,5
1,216,5
1,232,1
1,239,3
1,248,1
1,261,1
1,267,2
1,281,2
1,293,5
1,301,4
1,308,3
1,310,1
1,312,1
1,315,4
2,6,1
2,16,1
2,33,4
2,42,1
2,53,1
2,55,1
2,57,1
2,61,1
2,65,1
2,67,1
2,68,2
2,70,1
2,71,5
2,83,1
2,94,1
2,104,2
2,105,1
2,111,2
2,120,1
2,126,1
2,129,1
2,130,1
2,134,1
2,145,1
2,156,1
2,157,1
2,159,1
2,161,1
2,163,2
2,164,2
2,165,1
2,166,1
2,172,1
2,175,2
2,176,1
2,179,1
2,186,1
2,196,8
2,206,1
2,214,1
2,216,1
2,234,1
2,239,1
2,242,1
2,248,1
2,251,2
2,252,2
2,262,2
2,271,1
2,278,1
2,287,3
2,310,2
3,34,1
3,53,1
3,57,1
3,83,1
3,96,1
3,104,1
3,161,1
3,176,1
3,186,1
3,197,2
3,248,1
3,278,1
3,308,1
3,312,1
3,314,1
4,42,1
4,67,2
4,83,1
4,97,1
4,104,3
4,111,1
4,141,1
4,145,1
4,159,1
4,161,1
4,183,1
4,186,1
4,189,1
4,242,1
4,244,1
5,83,1
5,89,1
5,97,1
5,109,1
5,129,1
5,145,1
5,161,1
5,162,1
5,174,1
5,186,1
5,214,1
5,239,1
5,248,1
5,267,1
6,9,2
6,41,2
6,44,2
6,51,1
6,72,1
6,74,1
6,85,1
6,93,1
6,104,2
6,110,1
6,116,3
6,129,1
6,130,1
6,154,3
6,198,1
6,222,2
6,236,3
6,254,3
6,255,1
6,289,1
6,310,1
7,11,2
7,53,1
7,55,2
7,57,2
7,60,1
7,71,2
7,77,1
7,83,1
7,86,1
7,88,1
7,89,1
7,91,4
7,94,1
7,102,4
7,134,4
7,142,3
7,145,3
7,159,1
7,161,1
7,165,1
7,167,1
7,168,1
7,172,1
7,176,1
7,186,1
7,216,1
7,239,2
7,242,1
7,244,1
7,251,1
7,263,3
7,312,1
8,42,1
8,48,1
8,52,1
8,57,1
8,60,1
8,61,3
8,68,2
8,72,1
8,77,2
8,82,2
8,83,3
8,87,1
8,88,1
8,99,2
8,104,1
8,116,3
8,130,1
8,145,1
8,150,2
8,152,2
8,156,1
8,157,2
8,159,2
8,160,1
8,161,1
8,162,1
8,163,2
8,165,2
8,176,1
8,186,3
8,187,1
8,190,1
8,191,1
8,197,1
8,214,1
8,227,1
8,239,4
8,242,1
8,248,3
8,251,2
8,261,1
8,263,5
8,271,3
8,306,1
9,28,1
9,51,1
9,85,1
9,86,1
9,145,1
9,149,4
9,170,2
9,173,1
9,178,1
9,180,2
9,236,1
9,248,1
9,253,1
9,254,1
9,268,1
9,289,1
9,317,1
9,319,1
11,7,1
11,41,2
11,51,1
11,53,1
11,57,2
11,61,2
11,82,1
11,83,1
11,85,2
11,89,1
11,90,1
11,109,1
11,116,1
11,123,1
11,130,1
11,156,2
11,157,1
11,170,1
11,172,1
11,176,1
11,182,1
11,188,1
11,190,1
11,194,1
11,212,1
11,227,1
11,232,2
11,236,2
11,239,2
11,244,1
11,248,1
11,254,3
11,258,1
11,259,1
11,261,1
11,262,1
11,283,2
11,302,3
11,308,1
11,317,1
12,17,1
12,20,1
12,38,1
12,51,2
12,58,1
12,86,1
12,93,1
12,104,1
12,118,1
12,119,1
12,129,1
12,141,1
12,149,3
12,154,1
12,176,1
12,188,1
12,212,1
12,222,2
12,225,1
12,227,1
12,245,2
12,254,2
12,261,3
12,266,1
12,289,1
12,314,1
12,319,3
12,321,1
14,44,1
14,51,3
14,52,1
14,55,1
14,69,1
14,118,1
14,123,1
14,129,1
14,149,1
14,159,1
14,176,1
14,187,2
14,188,1
14,198,2
14,236,2
14,261,1
14,275,1
14,297,1
15,6,1
15,9,1
15,14,2
15,63,1
15,69,1
15,85,1
15,97,1
15,129,1
15,158,3
15,167,3
15,180,1
15,222,2
15,239,1
15,241,1
15,248,3
15,259,1
15,261,2
15,312,1
16,18,1
16,34,3
16,42,1
16,51,1
16,53,1
16,71,2
16,77,1
16,79,1
16,83,2
16,104,5
16,116,2
16,122,1
16,126,1
16,132,2
16,138,1
16,161,1
16,164,1
16,166,2
16,175,1
16,176,1
16,186,1
16,207,3
16,239,1
16,242,1
16,244,1
16,248,2
16,252,2
16,262,2
16,263,1
16,277,3
16,278,1
16,287,3
16,304,2
16,305,2
16,306,4
16,310,1
16,318,1
17,46,1
17,47,4
17,48,3
17,51,2
17,63,3
17,104,1
17,112,2
17,115,1
17,116,1
17,135,1
17,154,1
17,184,1
17,198,3
17,208,1
17,232,1
17,241,3
17,245,1
17,250,1
17,261,4
17,289,1
17,297,2
17,313,1
18,6,1
18,16,1
18,42,1
18,52,1
18,53,1
18,70,1
18,83,1
18,89,1
18,104,4
18,111,4
18,125,1
18,129,1
18,132,1
18,145,1
18,152,1
18,159,1
18,161,1
18,165,1
18,174,1
18,186,1
18,191,1
18,207,5
18,214,1
18,239,2
18,242,1
18,244,1
18,248,5
18,264,1
18,267,1
18,287,2
18,317,1
19,1,2
19,9,2
19,53,1
19,57,1
19,71,1
19,77,3
19,83,1
19,88,1
19,89,1
19,90,8
19,91,11
19,104,1
19,109,1
19,144,13
19,172,1
19,176,1
19,184,1
19,215,5
19,232,1
19,239,3
19,244,1
19,248,1
19,261,2
19,281,2
19,293,5
19,301,4
19,308,1
19,312,1
19,315,4
20,38,1
20,41,4
20,46,1
20,47,1
20,53,1
20,58,1
20,72,1
20,85,1
20,86,1
20,93,1
20,104,1
20,129,1
20,142,2
20,147,1
20,152,1
20,154,1
20,173,1
20,178,1
20,220,1
20,225,1
20,236,2
20,241,1
20,245,1
20,253,2
20,258,1
20,260,1
20,283,1
20,319,2
20,321,1
21,6,1
21,8,1
21,11,1
21,17,1
21,44,1
21,47,1
21,57,1
21,83,1
21,84,1
21,99,1
21,110,1
21,128,1
21,129,1
21,156,1
21,167,3
21,170,2
21,176,1
21,184,1
21,208,2
21,216,1
21,222,2
21,225,1
21,232,1
21,242,1
21,244,1
21,248,1
21,254,1
21,260,2
21,281,1
22,39,3
22,51,1
22,53,1
22,84,1
22,86,1
22,112,2
22,119,4
22,129,1
22,138,1
22,148,2
22,166,1
22,170,1
22,184,1
22,212,1
22,232,2
22,305,1
22,321,1
23,6,1
23,29,1
23,44,1
23,48,1
23,51,1
23,59,1
23,74,1
23,104,1
23,120,1
23,129,1
23,135,1
23,141,1
23,148,2
23,154,1
23,166,1
23,188,1
23,197,2
23,208,2
23,236,2
23,241,1
23,296,1
23,312,1
23,314,1
24,2,1
24,11,1
24,34,1
24,55,2
24,57,1
24,65,4
24,68,1
24,70,1
24,71,4
24,83,1
24,86,1
24,93,1
24,94,1
24,122,1
24,132,1
24,142,4
24,145,1
24,159,1
24,161,4
24,163,2
24,176,1
24,179,1
24,186,2
24,191,1
24,194,1
24,196,8
24,206,1
24,216,1
24,225,1
24,227,2
24,239,13
24,242,1
24,244,1
24,248,2
24,251,2
24,262,1
24,264,1
24,267,2
24,283,1
24,298,1
24,307,2
24,308,3
24,310,2
24,318,1
25,57,1
25,83,1
25,161,1
25,162,1
25,186,1
25,225,1
25,248,1
26,33,3
26,34,2
26,67,1
26,83,1
26,87,1
26,105,1
26,120,3
26,126,1
26,129,1
26,134,1
26,142,1
26,145,2
26,154,1
26,155,1
26,159,1
26,161,1
26,165,1
26,168,1
26,176,1
26,183,1
26,186,1
26,197,1
26,209,3
26,239,5
26,247,1
26,248,9
26,263,12
26,276,4
26,285,4
28,9,2
28,11,2
28,14,2
28,17,1
28,24,1
28,39,2
28,41,1
28,47,2
28,48,2
28,55,1
28,64,1
28,68,1
28,72,1
28,74,1
28,84,1
28,85,1
28,92,1
28,110,1
28,116,3
28,129,1
28,130,1
28,135,1
28,148,1
28,152,3
28,156,1
28,159,1
28,178,1
28,180,1
28,187,2
28,188,1
28,197,2
28,229,1
28,232,1
28,238,1
28,241,1
28,248,1
28,255,1
28,258,1
28,260,2
28,261,3
28,266,1
28,268,1
28,307,1
28,310,2
28,313,1
28,314,1
28,319,1
29,55,3
29,74,1
29,92,2
29,104,1
29,115,1
29,133,1
29,141,1
29,145,2
29,216,1
29,247,1
29,259,1
29,264,1
29,304,1
29,308,1
29,310,1
29,312,1
30,18,1
30,42,1
30,43,1
30,52,1
30,53,2
30,57,1
30,60,1
30,61,1
30,82,1
30,83,3
30,89,2
30,96,1
30,104,1
30,125,1
30,129,1
30,130,1
30,134,1
30,138,1
30,145,1
30,156,1
30,159,2
30,161,1
30,164,3
30,165,1
30,174,1
30,176,1
30,186,2
30,191,1
30,214,1
30,229,1
30,244,1
30,247,1
30,248,3
30,252,1
30,267,1
30,278,1
30,282,2
31,11,1
31,12,2
31,24,1
31,28,1
31,30,1
31,33,1
31,39,1
31,43,1
31,53,3
31,55,2
31,57,1
31,68,2
31,69,1
31,70,1
31,74,1
31,77,1
31,82,3
31,83,2
31,85,1
31,86,1
31,104,1
31,118,1
31,120,1
31,123,1
31,128,2
31,133,1
31,138,1
31,141,1
31,156,1
31,161,1
31,168,1
31,176,1
31,178,1
31,179,1
31,186,2
31,190,1
31,191,1
31,197,2
31,199,2
31,200,1
31,203,1
31,219,1
31,225,1
31,229,1
31,232,1
31,239,10
31,243,2
31,244,1
31,247,1
31,248,1
31,251,2
31,252,1
31,258,1
31,263,2
31,278,1
31,314,3
31,321,1
32,149,1
32,173,1
33,4,1
33,6,1
33,16,1
33,26,2
33,34,1
33,55,1
33,71,4
33,77,1
33,83,1
33,87,1
33,104,1
33,154,1
33,155,1
33,159,1
33,161,1
33,183,1
33,186,1
33,219,1
33,239,6
33,247,4
33,248,1
33,258,1
33,263,7
33,267,2
33,276,1
33,285,3
33,287,1
33,314,4
34,16,1
34,26,2
34,33,2
34,52,1
34,69,1
34,72,1
34,83,1
34,87,1
34,104,1
34,105,1
34,115,1
34,116,1
34,120,1
34,122,1
34,129,1
34,138,1
34,161,1
34,166,1
34,176,1
34,183,1
34,186,1
34,189,1
34,214,1
34,232,1
34,239,5
34,247,3
34,248,1
34,262,1
34,263,2
34,267,2
34,285,4
34,287,1
34,304,2
34,307,3
34,313,1
34,319,3
34,321,1
35,12,1
35,43,1
35,67,1
35,68,1
35,71,1
35,77,5
35,82,1
35,83,1
35,97,2
35,111,2
35,120,1
35,129,1
35,141,1
35,159,1
35,161,1
35,186,1
35,232,1
35,239,2
35,242,1
35,244,1
35,248,1
35,249,1
35,275,1
35,312,1
36,21,2
36,28,1
36,47,1
36,48,2
36,51,1
36,59,1
36,60,1
36,84,1
36,85,1
36,86,1
36,118,1
36,145,1
36,155,1
36,156,1
36,168,1
36,170,1
36,188,1
36,212,1
36,216,1
36,232,1
36,236,1
36,248,1
36,249,1
36,260,4
36,261,1
36,264,1
36,304,1
37,39,1
37,51,2
37,129,1
37,135,1
37,147,1
37,148,2
37,152,1
37,158,3
37,188,1
37,225,1
37,232,1
37,238,1
37,248,1
37,314,1
38,9,1
38,14,1
38,51,4
38,63,1
38,104,1
38,109,1
38,123,1
38,129,1
38,135,1
38,145,1
38,189,1
38,212,1
38,225,1
38,238,1
38,239,2
38,245,1
38,266,1
38,289,1
38,314,1
38,319,3
39,22,1
39,47,1
39,51,3
39,72,1
39,119,1
39,128,2
39,129,1
39,147,1
39,148,2
39,154,2
39,198,1
39,241,1
39,248,1
39,285,1
39,296,1
39,314,4
40,11,1
40,70,1
40,79,1
40,83,1
40,88,1
40,126,1
40,129,1
40,145,1
40,159,1
40,161,1
40,165,1
40,168,3
40,176,1
40,186,1
40,216,1
40,242,1
40,244,1
40,251,1
40,263,2
40,267,1
40,283,4
41,6,2
41,9,3
41,12,1
41,14,2
41,17,1
41,34,1
41,38,1
41,46,1
41,48,2
41,51,2
41,53,1
41,57,1
41,58,2
41,64,1
41,72,1
41,74,1
41,84,1
41,85,1
41,104,1
41,109,1
41,112,1
41,116,4
41,119,4
41,129,1
41,130,1
41,152,4
41,154,1
41,157,1
41,166,1
41,174,1
41,180,5
41,187,1
41,188,1
41,206,1
41,208,1
41,212,1
41,216,1
41,220,1
41,225,2
41,227,2
41,229,1
41,248,2
41,254,4
41,255,1
41,260,1
41,261,4
41,268,1
41,289,1
41,310,1
41,313,2
41,318,1
41,319,2
42,2,1
42,18,2
42,51,1
42,55,1
42,68,1
42,83,1
42,105,1
42,145,3
42,161,1
42,165,1
42,166,2
42,175,1
42,176,1
42,179,1
42,186,2
42,196,8
42,216,2
42,248,1
42,251,2
42,262,1
42,263,5
42,267,3
42,312,1
43,4,1
43,57,1
43,68,1
43,71,3
43,82,2
43,83,1
43,85,1
43,87,1
43,97,2
43,109,1
43,126,1
43,129,1
43,130,1
43,135,1
43,145,3
43,152,1
43,157,1
43,161,1
43,165,1
43,176,1
43,186,1
43,200,1
43,229,1
43,232,1
43,239,2
43,242,1
43,243,1
43,244,1
43,248,3
43,261,2
43,262,1
43,276,2
43,277,2
43,278,1
43,285,2
43,291,6
43,308,1
43,310,1
43,312,1
44,6,2
44,51,2
44,112,1
44,148,2
44,198,2
44,208,1
44,241,1
44,250,2
44,254,2
44,281,1
44,310,1
44,314,1
46,14,1
46,20,1
46,34,1
46,41,2
46,47,1
46,48,1
46,51,5
46,63,2
46,68,1
46,77,2
46,86,1
46,108,1
46,109,1
46,112,5
46,123,1
46,129,1
46,146,1
46,149,2
46,154,1
46,158,1
46,166,2
46,176,1
46,180,5
46,188,1
46,203,1
46,232,1
46,238,1
46,241,1
46,254,1
46,259,1
46,261,1
46,263,1
46,277,1
46,296,2
46,301,1
46,319,1
47,9,2
47,17,2
47,24,1
47,34,2
47,39,3
47,41,1
47,46,2
47,51,3
47,58,2
47,63,3
47,82,1
47,84,1
47,85,1
47,93,1
47,104,2
47,110,1
47,119,4
47,128,1
47,129,1
47,130,1
47,147,1
47,152,1
47,158,1
47,165,1
47,166,2
47,180,1
47,184,1
47,187,2
47,188,2
47,212,1
47,245,1
47,254,1
47,259,1
47,260,2
47,296,2
47,297,1
47,304,1
47,310,1
47,313,1
47,314,4
48,1,1
48,9,3
48,12,1
48,17,2
48,29,3
48,41,1
48,47,1
48,55,3
48,57,1
48,58,1
48,59,1
48,85,1
48,86,1
48,92,2
48,104,2
48,110,1
48,116,2
48,120,1
48,128,1
48,130,1
48,141,1
48,149,2
48,152,6
48,155,1
48,166,1
48,184,1
48,187,1
48,193,1
48,197,1
48,216,2
48,236,2
48,238,1
48,249,1
48,260,1
48,261,3
48,289,1
48,304,1
48,308,1
50,6,1
50,55,1
50,89,1
50,116,1
50,128,1
50,129,1
50,130,1
50,135,1
50,165,1
50,166,1
50,184,1
50,236,2
50,238,1
50,241,1
50,248,1
50,271,1
50,276,1
51,14,1
51,38,1
51,41,1
51,59,1
51,77,1
51,83,2
51,85,1
51,109,3
51,116,3
51,123,1
51,148,2
51,149,7
51,152,1
51,190,1
51,198,3
51,229,1
51,236,1
51,238,1
51,241,2
51,244,1
51,248,3
51,253,1
51,254,1
51,261,2
51,296,1
51,305,1
51,312,1
51,321,1
52,33,2
52,34,1
52,42,1
52,70,1
52,71,2
52,77,1
52,79,2
52,83,1
52,88,1
52,111,1
52,120,4
52,138,1
52,159,1
52,161,3
52,162,1
52,163,2
52,164,3
52,166,1
52,176,1
52,182,1
52,183,1
52,186,1
52,187,2
52,192,1
52,198,1
52,200,2
52,229,1
52,239,3
52,242,1
52,244,1
52,248,2
52,252,2
52,263,2
52,267,1
52,275,3
52,276,1
52,277,1
52,283,5
52,318,1
53,7,1
53,9,2
53,11,1
53,14,3
53,20,1
53,28,1
53,33,1
53,39,1
53,48,1
53,55,1
53,60,1
53,61,1
53,70,1
53,77,5
53,83,5
53,85,2
53,86,1
53,92,1
53,93,3
53,96,3
53,97,1
53,109,1
53,111,3
53,112,3
53,116,1
53,120,1
53,128,1
53,129,1
53,130,1
53,134,6
53,142,2
53,145,3
53,156,1
53,157,1
53,159,1
53,161,1
53,163,1
53,165,1
53,168,1
53,176,1
53,186,2
53,187,1
53,190,1
53,225,1
53,229,1
53,234,1
53,236,2
53,239,7
53,242,1
53,243,1
53,244,1
53,248,5
53,251,3
53,252,2
53,255,1
53,258,1
53,260,1
53,261,5
53,263,2
53,267,1
53,277,1
53,278,1
53,283,1
53,285,1
53,291,6
53,299,1
53,306,1
53,308,1
53,310,2
54,17,2
54,24,2
54,39,1
54,47,2
54,48,2
54,53,1
54,55,1
54,63,2
54,71,2
54,104,1
54,135,1
54,148,3
54,154,1
54,165,1
54,166,1
54,183,1
54,184,1
54,190,1
54,194,1
54,208,1
54,216,1
54,241,3
54,248,1
54,249,1
54,261,1
55,7,1
55,9,1
55,14,2
55,29,2
55,33,1
55,34,1
55,48,2
55,60,2
55,71,2
55,72,1
55,77,4
55,79,1
55,83,1
55,86,1
55,89,1
55,92,1
55,105,1
55,109,1
55,110,1
55,116,2
55,120,4
55,130,2
55,138,1
55,141,3
55,151,1
55,152,2
55,160,1
55,161,1
55,186,1
55,187,1
55,190,2
55,198,3
55,214,2
55,216,4
55,234,3
55,239,2
55,244,1
55,247,3
55,248,2
55,259,1
55,261,2
55,264,1
55,275,2
55,277,1
55,282,2
55,285,4
55,287,1
55,308,3
55,310,3
55,312,1
55,316,1
55,317,1
55,318,1
57,1,1
57,8,3
57,9,1
57,11,2
57,18,2
57,24,1
57,33,1
57,34,5
57,42,1
57,43,1
57,53,3
57,55,1
57,60,2
57,61,3
57,68,3
57,70,1
57,71,2
57,77,1
57,79,1
57,82,2
57,83,2
57,85,2
57,86,1
57,88,3
57,90,2
57,93,1
57,96,2
57,97,2
57,99,1
57,104,2
57,105,2
57,108,1
57,111,1
57,123,1
57,126,1
57,129,1
57,133,1
57,134,5
57,138,1
57,141,1
57,152,1
57,156,2
57,159,2
57,161,1
57,162,1
57,163,2
57,168,1
57,172,1
57,174,1
57,175,2
57,176,1
57,179,1
57,186,1
57,191,1
57,200,1
57,207,2
57,214,1
57,219,1
57,225,1
57,229,1
57,232,1
57,239,13
57,242,1
57,244,1
57,247,2
57,248,1
57,251,5
57,261,1
57,263,3
57,267,1
57,271,3
57,275,1
57,277,2
57,285,2
57,289,1
57,304,1
57,308,1
57,312,1
57,317,1
58,41,3
58,47,1
58,51,1
58,55,1
58,57,1
58,129,1
58,135,1
58,147,1
58,148,2
58,165,1
58,166,1
58,184,1
58,212,1
58,232,1
58,245,1
58,248,1
58,250,2
58,252,1
58,254,2
58,297,1
58,312,1
58,314,3
58,319,3
59,6,1
59,11,1
59,14,4
59,17,1
59,20,2
59,38,1
59,39,1
59,44,2
59,48,2
59,55,1
59,63,2
59,64,1
59,69,3
59,72,2
59,82,1
59,86,3
59,90,1
59,93,2
59,96,1
59,108,3
59,109,2
59,110,1
59,112,2
59,116,4
59,118,1
59,128,2
59,135,1
59,152,6
59,154,1
59,157,1
59,166,1
59,170,1
59,175,1
59,178,2
59,180,5
59,187,3
59,188,1
59,198,2
59,199,1
59,203,2
59,208,1
59,225,1
59,227,4
59,236,3
59,238,1
59,248,1
59,253,1
59,254,1
59,258,1
59,260,1
59,261,4
59,263,1
59,266,1
59,268,1
59,296,2
59,302,3
59,310,2
59,314,5
59,319,3
59,321,1
60,7,1
60,11,2
60,14,1
60,24,1
60,28,1
60,55,2
60,57,3
60,61,5
60,68,1
60,82,1
60,83,3
60,90,2
60,91,2
60,93,1
60,99,2
60,108,1
60,111,1
60,122,1
60,134,4
60,141,1
60,150,2
60,160,1
60,161,1
60,163,5
60,168,1
60,170,1
60,176,1
60,178,2
60,182,1
60,186,3
60,187,2
60,191,1
60,199,1
60,200,1
60,203,1
60,207,2
60,215,3
60,227,1
60,239,2
60,242,1
60,244,1
60,247,2
60,248,4
60,251,1
60,258,1
60,261,1
60,262,1
60,263,3
60,271,5
60,281,1
60,289,1
60,314,1
60,315,1
60,319,3
61,8,1
61,12,1
61,14,2
61,43,1
61,57,2
61,60,1
61,64,1
61,69,3
61,71,1
61,77,1
61,83,1
61,85,1
61,86,1
61,88,3
61,96,1
61,99,3
61,104,1
61,120,3
61,125,1
61,133,1
61,138,1
61,142,1
61,145,2
61,150,2
61,157,2
61,159,1
61,161,1
61,163,3
61,165,1
61,168,1
61,175,2
61,176,1
61,186,2
61,190,1
61,191,1
61,197,1
61,209,5
61,239,2
61,242,1
61,243,1
61,244,1
61,247,1
61,248,2
61,252,1
61,263,4
61,267,2
61,271,3
61,281,1
61,298,1
61,299,1
61,308,1
61,312,1
61,315,1
61,321,2
63,46,1
63,47,1
63,48,1
63,67,1
63,82,3
63,112,3
63,158,4
63,166,1
63,180,5
63,208,1
63,248,1
63,255,1
63,261,2
63,314,1
64,14,1
64,17,1
64,20,1
64,22,1
64,39,1
64,41,2
64,46,3
64,51,1
64,85,2
64,86,1
64,104,1
64,109,2
64,112,1
64,128,1
64,141,1
64,149,2
64,165,1
64,166,1
64,173,1
64,184,1
64,190,2
64,212,1
64,238,1
64,245,1
64,253,1
64,297,1
64,319,3
65,4,1
65,14,1
65,34,2
65,53,1
65,67,1
65,70,1
65,83,2
65,86,2
65,87,1
65,104,1
65,105,1
65,108,1
65,125,1
65,130,1
65,145,2
65,158,1
65,161,1
65,162,1
65,166,2
65,186,2
65,189,2
65,207,2
65,244,1
65,249,1
65,291,6
65,310,1
65,318,1
66,82,2
66,83,1
66,115,1
66,145,1
66,176,1
66,312,1
67,4,1
67,8,2
67,65,4
67,68,1
67,83,1
67,97,1
67,111,4
67,126,1
67,129,1
67,134,1
67,145,3
67,159,1
67,161,1
67,166,1
67,176,1
67,186,1
67,189,1
67,207,3
67,209,2
67,232,1
67,248,1
67,264,1
68,2,1
68,8,3
68,41,1
68,53,2
68,77,1
68,83,3
68,86,1
68,94,1
68,104,2
68,108,1
68,126,1
68,141,1
68,145,1
68,157,1
68,161,1
68,162,2
68,175,1
68,176,1
68,179,1
68,186,2
68,192,1
68,196,8
68,206,1
68,216,1
68,242,1
68,248,1
68,251,2
68,281,1
68,312,2
69,6,1
69,9,1
69,14,1
69,30,1
69,34,1
69,57,1
69,59,1
69,74,1
69,77,1
69,84,1
69,85,1
69,93,2
69,108,1
69,109,1
69,112,1
69,115,1
69,116,3
69,138,1
69,145,1
69,147,1
69,149,2
69,152,1
69,178,2
69,184,1
69,186,1
69,189,1
69,190,1
69,193,1
69,222,2
69,225,1
69,229,1
69,232,2
69,254,2
69,261,1
69,304,1
70,11,1
70,12,2
70,24,3
70,28,1
70,30,1
70,33,1
70,42,1
70,53,4
70,55,1
70,57,1
70,60,1
70,61,3
70,64,1
70,71,3
70,72,1
70,79,1
70,82,2
70,83,2
70,85,1
70,88,1
70,89,1
70,93,1
70,96,1
70,97,1
70,104,3
70,109,2
70,111,1
70,120,2
70,126,1
70,128,1
70,129,1
70,130,2
70,132,1
70,145,3
70,157,3
70,159,1
70,161,4
70,163,2
70,165,1
70,168,1
70,175,1
70,176,1
70,178,2
70,183,1
70,186,2
70,187,1
70,191,2
70,192,1
70,197,1
70,199,2
70,200,1
70,206,1
70,207,3
70,214,1
70,219,1
70,234,3
70,239,4
70,242,1
70,247,3
70,248,7
70,251,2
70,252,3
70,263,3
70,267,1
70,277,1
70,278,1
70,283,3
70,287,2
70,298,1
70,301,1
70,307,2
70,308,1
70,310,6
70,317,2
71,6,1
71,7,1
71,16,1
71,24,3
71,33,4
71,34,1
71,42,1
71,43,1
71,53,2
71,55,1
71,57,1
71,60,1
71,61,1
71,68,1
71,70,2
71,77,2
71,79,1
71,82,2
71,83,5
71,85,1
71,87,1
71,88,3
71,89,2
71,91,4
71,93,1
71,96,2
71,99,4
71,104,3
71,105,1
71,118,1
71,122,1
71,132,1
71,134,5
71,138,1
71,141,1
71,145,2
71,157,2
71,159,1
71,161,4
71,166,2
71,168,2
71,172,1
71,174,1
71,176,1
71,179,1
71,186,2
71,197,1
71,209,3
71,216,1
71,219,1
71,229,1
71,239,10
71,242,1
71,244,1
71,247,1
71,248,6
71,249,1
71,251,3
71,262,1
71,267,1
71,271,1
71,275,1
71,285,1
71,287,3
71,298,1
71,299,1
71,307,4
71,312,1
71,318,1
72,6,1
72,9,1
72,17,1
72,21,2
72,28,1
72,44,2
72,48,2
72,51,1
72,53,1
72,55,2
72,84,2
72,85,2
72,93,1
72,109,1
72,116,4
72,129,1
72,146,1
72,147,1
72,148,2
72,152,1
72,154,2
72,155,1
72,156,1
72,180,1
72,187,1
72,208,2
72,216,1
72,225,2
72,229,1
72,236,1
72,241,3
72,248,1
72,255,1
72,261,1
72,268,1
72,285,1
72,296,2
72,304,1
72,313,1
72,314,5
73,20,1
73,39,1
73,51,1
73,63,1
73,72,1
73,84,1
73,148,2
73,154,1
73,165,1
73,184,1
73,241,1
73,285,1
73,314,4
74,29,2
74,133,1
74,312,1
75,33,1
75,34,1
75,53,2
75,57,1
75,68,1
75,83,2
75,105,1
75,115,1
75,129,1
75,138,1
75,145,2
75,154,1
75,156,2
75,159,1
75,161,1
75,175,1
75,176,1
75,183,1
75,186,1
75,200,1
75,209,1
75,239,3
75,244,1
75,247,1
75,248,2
75,251,1
75,263,1
75,276,1
75,307,2
75,317,1
76,24,1
76,47,1
76,48,1
76,83,1
76,111,1
76,115,1
76,116,1
76,145,3
76,159,1
76,161,1
76,165,1
76,175,1
76,176,1
76,186,2
76,191,1
76,244,1
76,248,2
76,261,2
76,263,1
76,308,1
76,310,3
76,312,1
77,53,4
77,60,1
77,68,1
77,83,3
77,96,2
77,104,1
77,111,2
77,120,1
77,134,6
77,138,1
77,145,3
77,161,1
77,168,3
77,175,1
77,176,1
77,186,2
77,189,2
77,191,1
77,204,1
77,229,1
77,242,1
77,243,2
77,244,1
77,248,1
77,251,2
77,252,1
77,263,4
77,277,1
77,306,1
77,317,1
78,22,1
78,39,2
78,59,1
78,129,1
78,148,2
78,170,1
78,176,1
78,241,1
78,248,1
78,314,1
79,16,1
79,34,1
79,39,1
79,42,1
79,51,1
79,52,3
79,53,2
79,55,1
79,57,1
79,67,1
79,68,1
79,70,1
79,77,1
79,83,1
79,89,1
79,96,2
79,104,3
79,111,1
79,115,1
79,138,1
79,145,1
79,152,1
79,156,1
79,161,1
79,164,4
79,168,1
79,175,1
79,176,1
79,186,2
79,187,1
79,189,1
79,190,1
79,200,2
79,212,1
79,229,1
79,232,1
79,242,1
79,243,2
79,244,1
79,248,4
79,251,1
79,255,1
79,260,1
79,262,1
79,263,3
79,275,3
79,283,5
79,306,4
81,8,2
81,43,1
81,53,1
81,82,11
81,83,3
81,85,1
81,90,1
81,133,1
81,159,1
81,165,1
81,176,1
81,187,1
81,190,1
81,197,5
81,209,3
81,216,1
81,232,1
81,239,1
81,243,1
81,262,1
81,287,1
81,308,1
81,312,2
82,8,2
82,43,1
82,57,1
82,63,2
82,71,1
82,83,1
82,125,1
82,129,1
82,133,2
82,165,1
82,189,1
82,197,5
82,209,3
82,216,4
82,222,2
82,239,2
82,242,1
82,244,1
82,262,2
82,264,1
82,285,2
82,287,1
82,308,1
82,312,2
83,8,3
83,53,2
83,57,1
83,71,2
83,82,1
83,85,1
83,97,2
83,99,1
83,104,1
83,105,1
83,111,2
83,120,1
83,129,1
83,142,1
83,145,2
83,157,2
83,161,1
83,163,1
83,166,1
83,174,1
83,176,1
83,186,1
83,209,6
83,232,1
83,239,3
83,242,1
83,248,2
83,251,1
83,267,1
83,291,6
83,299,1
84,6,1
84,20,1
84,22,1
84,39,1
84,41,8
84,47,3
84,77,1
84,85,1
84,86,1
84,110,1
84,112,1
84,119,3
84,174,1
84,188,1
84,212,1
84,232,1
84,251,1
84,260,1
84,289,1
84,321,1
85,12,2
85,14,1
85,20,1
85,38,1
85,39,1
85,41,1
85,46,1
85,51,1
85,77,1
85,112,1
85,134,1
85,142,1
85,149,2
85,152,1
85,166,1
85,173,1
85,179,1
85,180,1
85,188,1
85,209,1
85,236,1
85,238,1
85,250,2
85,253,1
85,260,1
85,261,3
85,262,1
85,289,1
86,28,1
86,46,1
86,51,1
86,85,1
86,104,1
86,112,1
86,165,1
86,173,4
86,176,1
86,203,2
86,212,1
86,245,1
86,260,2
86,261,1
86,297,1
87,4,1
87,8,3
87,26,1
87,33,4
87,34,3
87,42,1
87,52,1
87,53,1
87,57,1
87,61,1
87,68,1
87,79,1
87,82,1
87,83,1
87,88,2
87,95,1
87,104,1
87,105,2
87,125,1
87,126,1
87,130,1
87,134,5
87,141,2
87,152,2
87,155,1
87,157,2
87,161,1
87,163,2
87,164,5
87,165,1
87,166,2
87,168,1
87,172,1
87,176,1
87,183,1
87,186,2
87,191,1
87,197,1
87,204,1
87,207,5
87,209,4
87,214,1
87,216,1
87,238,1
87,239,13
87,242,1
87,244,1
87,247,3
87,248,8
87,262,1
87,263,9
87,267,5
87,271,1
87,276,3
87,278,1
87,282,2
87,285,2
87,304,1
87,306,4
87,310,2
87,314,1
88,8,1
88,9,2
88,26,2
88,34,1
88,48,1
88,53,1
88,55,1
88,57,1
88,61,2
88,64,1
88,72,1
88,74,1
88,83,1
88,85,1
88,87,1
88,89,2
88,96,1
88,99,2
88,104,2
88,105,1
88,109,1
88,111,3
88,112,3
88,116,2
88,130,2
88,134,1
88,138,1
88,141,1
88,145,3
88,150,2
88,152,1
88,156,1
88,157,1
88,161,1
88,163,2
88,164,2
88,165,1
88,168,1
88,172,1
88,176,1
88,179,1
88,186,3
88,187,1
88,193,1
88,197,1
88,207,3
88,214,1
88,216,1
88,225,1
88,227,1
88,236,2
88,239,2
88,242,1
88,244,1
88,248,8
88,249,1
88,252,1
88,255,1
88,260,1
88,261,3
88,267,1
88,271,5
88,278,1
88,287,2
88,304,1
88,308,3
88,310,3
88,318,1
88,321,1
89,7,1
89,9,2
89,11,2
89,14,1
89,21,1
89,30,1
89,34,1
89,51,1
89,52,1
89,53,3
89,55,2
89,57,1
89,61,2
89,68,1
89,70,1
89,71,1
89,72,1
89,77,2
89,79,2
89,82,2
89,83,3
89,84,1
89,85,1
89,88,2
89,96,2
89,102,4
89,104,4
89,105,1
89,111,3
89,116,5
89,120,1
89,130,3
89,138,1
89,145,2
89,152,4
89,157,3
89,159,2
89,161,1
89,166,3
89,167,1
89,172,1
89,175,1
89,176,1
89,186,2
89,187,1
89,188,1
89,189,1
89,190,1
89,191,2
89,199,1
89,200,1
89,214,1
89,216,1
89,227,2
89,229,1
89,239,2
89,242,1
89,244,1
89,247,1
89,248,1
89,249,1
89,252,4
89,255,1
89,258,1
89,259,1
89,261,3
89,263,14
89,267,1
89,271,3
89,277,1
89,278,1
89,285,1
89,299,1
89,304,1
89,306,4
89,310,6
89,317,2
90,1,2
90,19,3
90,57,1
90,58,1
90,61,2
90,77,3
90,83,1
90,84,1
90,89,1
90,91,11
90,138,1
90,144,13
90,172,1
90,176,1
90,184,1
90,215,5
90,232,1
90,239,3
90,243,1
90,248,1
90,261,1
90,281,2
90,293,5
90,301,4
90,302,1
90,306,1
90,308,2
90,312,1
90,315,4
91,1,2
91,19,3
91,52,2
91,57,1
91,83,1
91,88,1
91,90,8
91,115,1
91,128,1
91,138,1
91,144,13
91,159,1
91,164,1
91,172,1
91,176,1
91,215,5
91,229,1
91,232,1
91,239,3
91,244,1
91,248,1
91,261,1
91,275,1
91,281,2
91,283,2
91,293,5
91,301,4
91,308,1
91,312,1
91,315,4
92,11,1
92,14,2
92,18,1
92,29,4
92,41,3
92,48,1
92,55,2
92,64,1
92,68,1
92,71,2
92,74,1
92,82,2
92,89,1
92,91,2
92,104,1
92,105,1
92,109,1
92,111,1
92,116,2
92,122,1
92,125,1
92,128,1
92,129,1
92,130,1
92,133,1
92,138,1
92,142,4
92,152,1
92,157,1
92,159,1
92,162,1
92,172,1
92,174,1
92,180,1
92,188,1
92,194,1
92,209,3
92,215,3
92,216,1
92,220,1
92,225,1
92,227,2
92,232,1
92,236,1
92,239,1
92,244,1
92,247,1
92,248,1
92,249,1
92,253,1
92,259,1
92,263,1
92,289,1
92,304,1
92,307,1
92,310,2
92,312,2
92,317,1
93,41,1
93,44,1
93,51,1
93,104,1
93,116,1
93,122,1
93,129,1
93,148,3
93,170,1
93,194,1
93,209,1
93,222,1
93,232,3
93,241,1
93,248,1
93,289,1
94,2,1
94,24,2
94,46,1
94,53,1
94,57,1
94,68,1
94,77,1
94,83,1
94,91,4
94,97,1
94,105,1
94,145,1
94,156,1
94,161,1
94,175,2
94,176,1
94,179,1
94,186,1
94,196,8
94,200,1
94,206,1
94,216,1
94,220,1
94,239,3
94,243,1
94,244,1
94,248,1
94,251,1
94,260,1
94,267,1
94,299,1
94,310,2
94,318,1
95,9,1
95,33,1
95,47,1
95,53,1
95,60,1
95,61,1
95,65,4
95,67,1
95,68,1
95,77,1
95,79,1
95,83,2
95,86,2
95,104,1
95,105,1
95,120,1
95,126,1
95,134,1
95,156,1
95,157,1
95,161,1
95,162,1
95,166,1
95,176,1
95,186,1
95,189,1
95,197,1
95,207,5
95,239,2
95,242,1
95,244,1
95,248,1
95,251,1
95,264,1
95,267,5
95,308,1
95,315,1
96,42,1
96,53,3
96,57,1
96,68,2
96,77,5
96,82,1
96,83,4
96,85,1
96,97,1
96,105,1
96,108,1
96,122,1
96,126,1
96,138,1
96,142,3
96,145,2
96,156,1
96,159,2
96,161,1
96,162,2
96,165,1
96,166,1
96,168,1
96,174,1
96,175,1
96,176,1
96,182,1
96,186,2
96,190,1
96,216,1
96,239,3
96,242,1
96,244,1
96,248,1
96,249,1
96,251,4
96,263,1
96,267,2
96,291,6
96,301,1
96,304,1
96,306,1
96,308,1
96,314,3
97,68,1
97,83,1
97,104,1
97,115,1
97,161,1
97,176,1
97,186,1
97,239,2
97,244,1
97,249,1
97,263,8
99,8,3
99,43,1
99,53,1
99,57,1
99,77,5
99,83,1
99,88,2
99,104,1
99,111,4
99,132,1
99,134,1
99,138,1
99,145,1
99,150,2
99,161,4
99,163,2
99,165,1
99,166,1
99,168,1
99,182,1
99,186,2
99,229,1
99,239,2
99,271,2
99,299,1
99,302,2
99,308,1
100,38,1
100,39,1
100,41,3
100,47,1
100,51,4
100,53,1
100,57,1
100,84,1
100,88,1
100,90,1
100,91,5
100,123,1
100,129,1
100,134,2
100,147,1
100,172,1
100,175,1
100,176,1
100,184,1
100,188,1
100,190,1
100,220,1
100,225,2
100,229,1
100,232,2
100,236,2
100,241,1
100,248,1
100,253,1
100,258,1
100,260,2
100,263,2
100,278,1
100,289,1
100,308,1
100,313,1
100,319,3
101,6,1
101,20,1
101,289,1
102,7,1
102,65,4
102,67,1
102,83,1
102,85,1
102,96,1
102,97,1
102,104,1
102,109,2
102,116,1
102,126,1
102,130,1
102,132,1
102,138,1
102,145,3
102,157,1
102,159,1
102,161,1
102,166,2
102,167,3
102,172,1
102,176,1
102,186,2
102,222,2
102,244,1
102,262,1
102,263,4
102,267,3
102,305,1
102,317,2
103,21,2
103,42,1
103,51,1
103,53,2
103,57,1
103,65,4
103,70,1
103,77,1
103,83,1
103,96,4
103,104,1
103,111,1
103,115,1
103,132,1
103,138,1
103,142,1
103,145,2
103,159,1
103,161,1
103,176,1
103,186,1
103,204,1
103,242,1
103,248,1
103,251,1
103,255,1
103,264,1
103,277,1
103,291,6
103,318,1
104,16,1
104,18,2
104,29,2
104,67,1
104,83,1
104,88,2
104,129,1
104,132,2
104,134,1
104,138,1
104,145,3
104,156,1
104,158,1
104,159,1
104,161,1
104,166,3
104,176,1
104,186,1
104,189,3
104,192,1
104,207,2
104,229,1
104,234,1
104,248,1
104,263,2
104,291,6
104,318,1
105,18,1
105,26,2
105,33,1
105,34,3
105,42,1
105,53,1
105,60,1
105,71,2
105,72,1
105,79,1
105,83,3
105,87,1
105,89,1
105,95,4
105,104,1
105,108,1
105,115,1
105,116,1
105,129,1
105,132,2
105,138,1
105,145,3
105,152,1
105,155,1
105,156,1
105,161,1
105,162,3
105,175,1
105,186,1
105,189,1
105,203,1
105,216,1
105,227,1
105,239,3
105,247,3
105,248,7
105,251,2
105,261,1
105,267,1
105,276,1
105,285,2
105,304,1
106,14,1
106,20,1
106,38,1
106,41,1
106,48,1
106,51,1
106,68,1
106,69,2
106,72,1
106,74,1
106,85,1
106,86,1
106,88,1
106,93,2
106,109,3
106,112,2
106,116,1
106,128,2
106,152,1
106,176,1
106,187,1
106,188,1
106,197,4
106,199,1
106,203,2
106,220,1
106,232,1
106,253,1
106,254,1
106,260,1
106,261,2
106,304,1
106,307,3
106,313,1
106,319,3
107,14,1
107,158,1
107,232,2
108,6,1
108,11,3
108,12,2
108,17,1
108,20,1
108,28,1
108,38,1
108,41,2
108,44,1
108,48,1
108,55,1
108,64,1
108,77,1
108,82,2
108,83,1
108,85,2
108,86,2
108,88,1
108,93,2
108,97,1
108,109,2
108,112,3
108,116,2
108,130,1
108,135,1
108,142,1
108,152,2
108,178,1
108,180,5
108,184,1
108,187,2
108,190,2
108,191,1
108,193,1
108,199,2
108,203,3
108,216,1
108,220,2
108,227,1
108,232,1
108,234,2
108,236,3
108,253,1
108,254,2
108,260,2
108,261,3
108,262,1
108,263,2
108,302,3
108,310,1
108,312,1
108,313,3
109,9,1
109,14,1
109,24,3
109,28,1
109,34,1
109,41,4
109,43,1
109,44,1
109,46,2
109,51,4
109,52,1
109,59,1
109,63,1
109,71,1
109,72,1
109,77,1
109,82,1
109,83,1
109,85,2
109,86,1
109,93,4
109,97,1
109,108,1
109,112,2
109,123,1
109,126,1
109,128,1
109,129,1
109,133,1
109,145,1
109,148,1
109,149,2
109,152,2
109,154,1
109,161,3
109,170,1
109,178,1
109,179,1
109,180,2
109,184,1
109,187,2
109,194,2
109,197,1
109,199,1
109,225,2
109,227,1
109,232,3
109,239,1
109,249,1
109,253,1
109,263,1
109,271,1
109,281,1
109,296,1
109,310,1
109,319,3
110,1,1
110,22,1
110,38,1
110,39,3
110,47,1
110,48,1
110,55,3
110,59,1
110,64,1
110,68,1
110,72,1
110,84,1
110,86,1
110,116,2
110,119,3
110,128,2
110,141,1
110,147,1
110,152,1
110,166,1
110,170,1
110,178,1
110,232,1
110,259,1
110,260,4
110,261,1
110,296,1
110,308,1
110,310,2
110,313,1
110,314,4
110,316,1
111,30,1
111,34,1
111,52,1
111,53,1
111,67,1
111,68,1
111,82,4
111,83,1
111,88,1
111,89,1
111,96,1
111,99,2
111,104,1
111,134,1
111,145,1
111,157,1
111,159,1
111,161,1
111,162,1
111,166,3
111,176,1
111,186,2
111,189,3
111,244,1
111,248,1
111,252,1
111,261,1
111,271,1
111,310,1
111,318,1
112,9,1
112,11,2
112,14,2
112,17,1
112,20,2
112,21,2
112,28,1
112,34,1
112,41,5
112,44,1
112,46,1
112,48,1
112,51,1
112,59,1
112,61,1
112,63,2
112,64,1
112,68,1
112,69,3
112,72,1
112,74,1
112,82,1
112,84,1
112,85,2
112,86,3
112,93,2
112,104,2
112,109,1
112,110,1
112,111,1
112,116,3
112,119,3
112,123,1
112,128,1
112,148,1
112,152,1
112,156,1
112,157,3
112,161,3
112,165,1
112,166,1
112,170,1
112,173,1
112,176,1
112,178,2
112,180,6
112,187,1
112,188,1
112,190,2
112,191,1
112,194,1
112,199,2
112,203,3
112,225,1
112,232,3
112,238,1
112,239,3
112,244,1
112,245,1
112,249,1
112,251,1
112,253,1
112,254,2
112,258,1
112,260,1
112,261,2
112,263,7
112,266,1
112,271,1
112,277,1
112,285,1
112,289,1
112,291,6
112,296,1
112,297,1
112,307,1
112,310,1
112,313,1
112,314,2
112,316,1
112,319,1
112,321,1
113,6,1
113,20,1
113,41,2
113,46,2
113,63,1
113,82,1
113,85,1
113,86,1
113,129,1
113,154,2
113,173,1
113,184,1
113,208,1
113,241,1
113,245,1
113,248,1
113,313,1
113,314,3
113,319,3
114,9,1
114,41,1
114,51,2
114,85,1
114,86,1
114,104,1
114,116,1
114,129,1
114,135,1
114,138,1
114,187,1
114,225,1
114,241,1
114,245,1
114,254,1
114,258,1
114,260,1
115,33,1
115,34,1
115,43,1
115,83,1
115,104,1
115,120,3
115,126,1
115,129,1
115,134,4
115,138,1
115,141,1
115,145,2
115,159,1
115,161,1
115,164,2
115,165,1
115,176,1
115,186,1
115,222,2
115,239,3
115,241,1
115,243,1
115,244,1
115,262,1
115,276,1
115,307,1
115,308,3
116,9,2
116,12,1
116,14,1
116,16,1
116,17,1
116,20,1
116,21,2
116,34,1
116,39,1
116,41,1
116,46,1
116,48,1
116,55,1
116,69,1
116,88,2
116,93,1
116,104,1
116,111,1
116,112,1
116,130,1
116,132,2
116,133,1
116,138,1
116,145,1
116,147,1
116,149,3
116,152,2
116,156,1
116,166,1
116,176,1
116,179,1
116,180,1
116,187,1
116,188,1
116,190,1
116,191,1
116,194,1
116,214,1
116,222,2
116,232,2
116,236,2
116,241,1
116,248,1
116,253,1
116,254,1
116,260,1
116,261,2
116,289,1
116,297,1
116,313,1
117,6,1
117,11,1
117,28,1
117,33,1
117,39,1
117,51,1
117,71,2
117,85,1
117,93,1
117,152,1
117,225,2
117,232,2
117,239,1
117,250,2
117,296,1
117,305,1
117,314,1
117,319,3
117,321,1
118,51,4
118,72,1
118,109,1
118,148,2
118,154,2
118,155,1
118,227,2
118,239,1
118,314,2
118,319,3
119,12,1
119,22,1
119,28,1
119,39,3
119,41,3
119,47,4
119,84,2
119,86,1
119,110,1
119,132,1
119,166,1
119,170,1
119,212,1
119,214,1
119,248,1
119,260,2
119,261,1
119,267,1
119,297,1
119,314,1
120,29,1
120,34,1
120,52,3
120,53,1
120,55,3
120,61,6
120,77,4
120,83,1
120,104,1
120,122,1
120,141,3
120,142,1
120,151,1
120,159,2
120,160,1
120,161,1
120,176,1
120,186,1
120,208,1
120,212,1
120,214,2
120,216,5
120,229,1
120,234,2
120,239,3
120,248,3
120,261,1
120,264,1
120,267,2
120,275,3
120,277,1
120,282,2
120,299,1
120,308,3
120,316,1
121,95,1
121,184,1
121,212,1
121,222,1
121,232,1
121,248,1
121,312,1
122,24,1
122,71,3
122,83,3
122,97,1
122,129,1
122,145,1
122,159,1
122,161,3
122,163,2
122,165,1
122,186,1
122,192,1
122,216,1
122,232,1
122,239,3
122,242,1
122,244,1
122,248,4
122,262,1
122,287,2
122,307,2
123,9,2
123,11,1
123,14,4
123,28,1
123,38,1
123,41,2
123,51,6
123,52,3
123,53,2
123,57,1
123,79,1
123,82,1
123,83,1
123,84,1
123,85,1
123,90,1
123,92,2
123,109,1
123,111,1
123,118,1
123,129,1
123,147,1
123,149,2
123,156,1
123,159,1
123,164,1
123,176,1
123,186,2
123,187,2
123,190,1
123,191,1
123,198,3
123,203,1
123,212,1
123,232,2
123,239,3
123,241,1
123,243,1
123,244,1
123,248,1
123,251,1
123,258,2
123,261,4
123,263,1
123,275,1
123,281,1
123,283,1
123,285,1
123,301,1
123,310,5
123,319,3
124,12,2
124,14,2
124,16,1
124,33,1
124,39,1
124,42,1
124,51,1
124,53,3
124,55,1
124,57,2
124,60,1
124,61,4
124,65,4
124,68,2
124,70,1
124,77,5
124,79,1
124,83,2
124,88,1
124,89,1
124,90,2
124,96,1
124,97,2
124,104,3
124,111,1
124,115,1
124,120,2
124,126,1
124,130,1
124,134,4
124,145,1
124,157,1
124,159,2
124,161,5
124,163,3
124,167,2
124,172,1
124,175,2
124,176,1
124,179,1
124,186,2
124,191,2
124,197,1
124,207,1
124,214,1
124,216,1
124,229,1
124,239,4
124,242,1
124,244,1
124,248,3
124,251,1
124,252,2
124,261,2
124,262,1
124,263,2
124,267,1
124,271,1
124,277,2
124,283,2
124,287,1
124,305,2
124,310,5
124,314,1
125,65,1
125,83,1
125,115,1
125,145,3
125,156,1
125,159,1
125,161,1
125,162,1
125,165,1
125,167,1
125,186,1
125,189,1
125,261,1
125,312,1
126,16,1
126,42,1
126,51,1
126,57,1
126,68,1
126,70,1
126,77,4
126,79,1
126,83,1
126,95,3
126,104,1
126,132,1
126,134,6
126,138,1
126,142,1
126,145,1
126,157,1
126,161,5
126,162,1
126,163,1
126,176,1
126,182,1
126,183,1
126,186,2
126,206,1
126,234,2
126,239,2
126,242,1
126,244,1
126,262,2
126,263,11
126,264,1
126,276,3
126,277,2
126,287,1
126,305,1
126,310,1
126,321,1
127,1,1
127,4,1
127,24,2
127,57,1
127,67,1
127,70,2
127,71,4
127,77,1
127,83,3
127,104,1
127,120,1
127,122,1
127,129,1
127,132,1
127,141,1
127,159,1
127,161,4
127,162,1
127,168,1
127,176,1
127,186,1
127,191,2
127,200,1
127,207,2
127,239,2
127,242,1
127,244,1
127,248,2
127,263,5
127,267,1
127,283,2
127,298,1
127,307,2
127,310,1
128,12,1
128,14,2
128,17,1
128,20,1
128,34,1
128,39,4
128,41,1
128,51,1
128,69,2
128,82,2
128,93,1
128,104,1
128,108,1
128,109,1
128,110,1
128,112,5
128,116,2
128,118,1
128,123,1
128,148,3
128,152,1
128,154,1
128,156,1
128,157,1
128,158,1
128,176,1
128,178,2
128,180,1
128,184,1
128,187,2
128,199,2
128,222,2
128,225,1
128,227,1
128,248,1
128,251,2
128,253,1
128,261,5
128,263,1
128,296,1
128,313,1
128,314,1
128,316,1
128,319,2
128,321,1
129,6,2
129,20,1
129,39,1
129,46,1
129,51,4
129,85,1
129,112,2
129,135,1
129,149,1
129,174,1
129,180,1
129,190,1
129,203,2
129,248,1
129,289,1
130,12,1
130,42,1
130,43,1
130,48,1
130,52,1
130,55,2
130,60,1
130,63,1
130,64,1
130,67,1
130,72,1
130,74,1
130,82,1
130,83,1
130,85,2
130,89,2
130,92,2
130,93,1
130,104,2
130,105,1
130,108,1
130,116,2
130,123,1
130,145,4
130,152,3
130,156,1
130,157,1
130,159,2
130,161,1
130,162,2
130,168,1
130,176,1
130,182,1
130,186,1
130,188,1
130,189,1
130,191,1
130,200,1
130,204,1
130,214,1
130,216,1
130,222,2
130,225,1
130,229,1
130,239,3
130,244,1
130,247,2
130,248,1
130,252,2
130,261,1
130,263,2
130,304,2
130,307,1
130,310,1
130,317,2
132,8,3
132,18,2
132,24,1
132,30,1
132,55,1
132,57,2
132,65,1
132,70,2
132,71,3
132,83,2
132,96,2
132,99,1
132,104,4
132,105,1
132,115,1
132,116,3
132,122,1
132,141,1
132,142,4
132,156,2
132,159,1
132,160,1
132,161,4
132,175,1
132,176,1
132,186,1
132,190,1
132,207,5
132,209,5
132,216,1
132,225,1
132,232,1
132,239,2
132,242,1
132,244,1
132,248,2
132,252,1
132,255,1
132,261,3
132,262,1
132,283,1
132,298,1
132,307,1
133,9,2
133,11,1
133,12,1
133,57,1
133,68,1
133,77,4
133,82,8
133,85,1
133,90,1
133,116,2
133,119,1
133,138,1
133,152,1
133,157,1
133,176,1
133,186,1
133,197,2
133,209,3
133,222,2
133,239,2
133,242,1
133,243,1
133,244,1
133,260,1
133,261,4
133,301,1
133,312,2
133,315,1
134,4,1
134,12,1
134,24,3
134,42,1
134,47,1
134,52,1
134,53,2
134,57,1
134,61,4
134,67,1
134,77,5
134,82,6
134,83,4
134,88,1
134,95,3
134,96,2
134,100,1
134,104,1
134,108,1
134,111,5
134,122,1
134,126,1
134,128,2
134,138,1
134,141,1
134,142,1
134,145,1
134,161,1
134,165,1
134,166,2
134,168,1
134,176,1
134,179,1
134,180,1
134,183,1
134,186,1
134,189,2
134,199,1
134,200,1
134,207,4
134,209,6
134,219,1
134,239,3
134,242,1
134,244,1
134,247,3
134,248,3
134,252,1
134,263,1
134,267,1
134,287,1
134,306,1
134,307,1
134,318,1
135,147,1
135,149,1
135,241,2
135,250,2
135,289,1
135,319,3
136,83,1
136,161,1
136,163,2
136,176,1
136,186,1
136,239,2
136,242,1
136,244,1
136,248,1
137,6,1
137,12,1
137,14,1
137,21,2
137,24,1
137,33,1
137,44,1
137,46,2
137,47,1
137,48,1
137,53,1
137,55,1
137,57,1
137,60,1
137,67,2
137,68,2
137,69,1
137,72,1
137,74,1
137,77,1
137,82,4
137,84,1
137,85,1
137,86,1
137,88,1
137,89,1
137,93,1
137,104,1
137,109,1
137,116,2
137,120,1
137,126,1
137,128,1
137,129,1
137,130,2
137,134,1
137,135,1
137,138,1
137,145,1
137,152,3
137,156,1
137,157,1
137,159,1
137,166,1
137,175,1
137,176,1
137,178,1
137,187,2
137,190,1
137,191,1
137,197,1
137,208,1
137,225,1
137,227,3
137,232,1
137,236,3
137,238,1
137,241,1
137,242,1
137,243,1
137,244,1
137,248,1
137,249,1
137,251,1
137,255,1
137,259,1
137,260,2
137,261,2
137,267,1
137,278,2
137,296,2
137,307,2
137,310,1
137,312,2
137,317,1
138,41,1
138,57,1
138,68,3
138,77,1
138,83,3
138,89,1
138,122,1
138,134,5
138,145,3
138,156,1
138,161,1
138,162,1
138,165,1
138,168,3
138,176,1
138,186,1
138,239,3
138,244,1
138,248,2
138,249,1
138,263,13
138,271,1
138,306,4
138,308,1
141,8,2
141,12,2
141,14,2
141,26,1
141,29,4
141,33,2
141,34,1
141,39,1
141,41,3
141,48,1
141,53,4
141,55,3
141,57,1
141,60,1
141,67,1
141,71,3
141,72,1
141,74,1
141,77,4
141,79,1
141,82,3
141,83,4
141,84,1
141,85,1
141,86,1
141,87,1
141,88,1
141,89,2
141,104,5
141,105,1
141,110,1
141,111,1
141,115,1
141,120,4
141,126,1
141,130,2
141,134,5
141,145,2
141,151,1
141,152,1
141,154,1
141,157,2
141,159,2
141,160,1
141,161,1
141,165,2
141,166,2
141,168,1
141,176,1
141,179,1
141,180,2
141,186,1
141,187,2
141,197,1
141,200,1
141,203,3
141,204,1
141,214,2
141,216,6
141,225,1
141,234,2
141,239,13
141,244,1
141,248,4
141,249,1
141,251,1
141,252,1
141,259,1
141,261,2
141,262,1
141,263,1
141,264,1
141,267,1
141,271,1
141,277,1
141,278,1
141,282,2
141,285,3
141,289,1
141,301,1
141,304,2
141,307,1
141,308,3
141,310,5
141,312,2
141,317,2
142,11,1
142,14,1
142,24,4
142,34,1
142,58,1
142,65,4
142,83,1
142,85,1
142,93,2
142,94,1
142,96,2
142,108,1
142,111,1
142,115,1
142,129,1
142,132,1
142,134,5
142,145,3
142,161,1
142,162,1
142,165,1
142,166,1
142,176,1
142,179,1
142,182,1
142,186,2
142,239,12
142,244,1
142,248,1
142,291,6
142,308,3
144,1,2
144,19,3
144,53,1
144,57,1
144,77,3
144,82,1
144,83,1
144,89,1
144,90,8
144,91,11
144,159,1
144,172,1
144,176,1
144,189,1
144,215,5
144,232,1
144,239,3
144,261,1
144,281,2
144,293,5
144,301,4
144,312,1
144,315,4
145,2,1
145,7,1
145,11,1
145,14,1
145,24,1
145,29,4
145,30,1
145,33,1
145,34,1
145,41,1
145,42,1
145,44,1
145,52,1
145,53,2
145,55,2
145,60,1
145,61,1
145,67,2
145,68,2
145,69,1
145,70,1
145,77,1
145,79,1
145,82,2
145,83,2
145,84,1
145,85,1
145,86,1
145,88,2
145,89,2
145,93,1
145,96,1
145,97,1
145,102,4
145,104,1
145,105,2
145,109,1
145,111,2
145,116,5
145,128,1
145,130,3
145,135,1
145,141,1
145,142,1
145,152,2
145,157,3
145,159,2
145,161,1
145,164,1
145,166,2
145,167,3
145,175,1
145,176,1
145,178,2
145,179,1
145,186,1
145,187,1
145,189,1
145,190,2
145,196,8
145,199,1
145,200,1
145,214,1
145,219,1
145,222,2
145,227,1
145,236,1
145,239,9
145,242,1
145,243,1
145,244,1
145,248,3
145,249,1
145,252,2
145,258,1
145,259,1
145,261,1
145,263,4
145,267,2
145,277,1
145,299,1
145,301,1
145,307,1
145,308,1
145,317,2
145,318,1
146,6,1
146,14,1
146,39,2
146,46,2
146,51,2
146,55,1
146,63,1
146,149,3
146,174,1
146,179,1
146,190,1
146,236,1
146,241,2
146,248,1
146,260,1
146,302,3
147,9,3
147,12,2
147,39,1
147,41,3
147,44,1
147,46,1
147,48,1
147,51,1
147,58,1
147,68,1
147,84,1
147,85,1
147,88,1
147,89,1
147,104,1
147,109,1
147,112,1
147,116,3
147,119,3
147,128,1
147,129,1
147,130,1
147,138,1
147,149,1
147,152,2
147,180,1
147,188,1
147,190,1
147,220,2
147,229,1
147,232,1
147,236,2
147,238,1
147,241,1
147,244,1
147,245,1
147,254,2
147,255,1
147,261,4
147,296,1
147,304,1
147,310,2
147,313,1
147,317,1
148,17,1
148,22,1
148,39,2
148,51,2
148,63,1
148,71,2
148,93,1
148,116,1
148,128,1
148,170,1
148,176,1
148,194,1
148,197,2
148,203,2
148,208,1
148,232,1
148,241,2
148,248,1
148,266,1
148,314,7
149,9,2
149,29,1
149,41,1
149,48,1
149,51,6
149,63,1
149,68,2
149,77,1
149,86,1
149,123,1
149,138,1
149,145,1
149,147,1
149,152,1
149,166,1
149,170,1
149,173,1
149,180,1
149,184,1
149,203,2
149,239,1
149,253,1
149,261,3
149,263,1
150,8,3
150,24,1
150,34,2
150,42,1
150,57,1
150,60,2
150,61,2
150,67,1
150,68,1
150,70,1
150,79,1
150,83,3
150,86,1
150,88,2
150,91,2
150,96,1
150,97,2
150,99,4
150,104,1
150,105,1
150,111,2
150,126,1
150,134,6
150,145,3
150,157,1
150,159,1
150,161,4
150,162,1
150,163,5
150,165,1
150,166,3
150,175,1
150,176,1
150,182,1
150,186,3
150,190,1
150,191,1
150,192,1
150,212,1
150,215,3
150,239,2
150,242,1
150,244,1
150,248,3
150,251,2
150,258,1
150,260,1
150,267,2
150,271,3
150,307,2
151,12,1
151,34,1
151,48,1
151,53,2
151,57,1
151,68,2
151,72,1
151,83,1
151,89,1
151,93,2
151,104,2
151,105,1
151,108,1
151,109,1
151,120,3
151,129,1
151,130,1
151,141,1
151,145,3
151,152,1
151,156,1
151,159,2
151,160,1
151,161,4
151,166,1
151,175,1
151,176,1
151,186,1
151,209,1
151,214,2
151,229,1
151,234,3
151,239,1
151,244,1
151,247,1
151,248,1
151,251,1
151,252,2
151,259,1
151,264,1
151,267,3
151,271,1
151,276,3
151,277,1
151,282,2
151,285,1
151,308,1
151,312,1
151,314,3
152,9,2
152,11,1
152,12,1
152,14,4
152,24,1
152,28,2
152,30,1
152,34,1
152,38,1
152,39,1
152,41,2
152,43,1
152,44,1
152,48,3
152,51,4
152,53,1
152,55,1
152,60,2
152,64,1
152,68,2
152,69,1
152,74,1
152,77,1
152,82,2
152,83,1
152,84,1
152,85,3
152,86,3
152,90,2
152,93,1
152,104,1
152,108,2
152,109,2
152,110,1
152,112,3
152,116,1
152,123,1
152,128,1
152,129,1
152,130,2
152,133,1
152,135,1
152,142,1
152,147,1
152,148,2
152,154,2
152,156,1
152,157,1
152,159,1
152,166,1
152,170,1
152,178,1
152,179,1
152,180,1
152,186,1
152,187,3
152,188,1
152,193,1
152,199,1
152,203,2
152,212,1
152,214,1
152,220,1
152,225,2
152,227,4
152,229,1
152,232,2
152,236,1
152,238,1
152,239,7
152,241,1
152,253,1
152,254,4
152,255,1
152,258,1
152,261,6
152,271,1
152,289,1
152,291,6
152,304,2
152,305,1
152,307,1
152,308,1
152,310,1
152,312,1
152,314,3
152,316,1
152,317,2
152,318,1
153,24,1
153,53,1
153,57,1
153,77,1
153,83,1
153,129,1
153,134,1
153,142,1
153,145,1
153,159,1
153,161,1
153,176,1
153,186,1
153,197,2
153,232,1
153,239,3
153,242,1
153,244,1
153,267,1
153,304,1
153,308,2
154,6,2
154,12,1
154,39,1
154,44,1
154,46,1
154,51,1
154,53,1
154,59,1
154,64,1
154,69,2
154,72,1
154,85,2
154,104,1
154,109,3
154,112,2
154,115,1
154,116,3
154,128,1
154,129,1
154,141,1
154,148,2
154,152,3
154,178,1
154,183,1
154,193,1
154,199,1
154,203,1
154,232,3
154,245,1
154,253,1
154,258,1
154,267,2
154,285,1
154,296,1
154,313,3
154,314,5
154,321,1
155,39,2
155,41,2
155,47,4
155,48,3
155,63,1
155,69,1
155,72,2
155,84,1
155,118,1
155,119,4
155,149,3
155,152,2
155,154,2
155,156,1
155,170,1
155,175,1
155,180,1
155,184,1
155,187,1
155,188,1
155,216,2
155,238,1
155,244,1
155,260,3
155,261,2
155,285,1
155,297,1
155,314,1
156,53,1
156,65,4
156,83,1
156,95,4
156,104,1
156,105,1
156,126,1
156,132,1
156,145,3
156,161,1
156,165,2
156,166,2
156,186,1
156,216,1
156,219,1
156,239,1
156,247,1
156,248,1
156,262,1
156,306,5
157,6,1
157,7,1
157,33,4
157,41,1
157,43,1
157,53,1
157,57,1
157,61,3
157,67,1
157,71,4
157,79,1
157,83,3
157,85,1
157,86,1
157,87,1
157,102,4
157,104,1
157,126,1
157,128,1
157,129,1
157,130,1
157,134,5
157,145,1
157,152,1
157,159,2
157,161,1
157,165,2
157,166,1
157,167,3
157,168,3
157,172,1
157,176,1
157,182,1
157,186,1
157,187,1
157,188,1
157,203,1
157,204,1
157,209,6
157,229,1
157,232,1
157,239,2
157,242,1
157,244,1
157,258,1
157,267,1
157,285,2
157,287,1
157,299,1
157,304,1
157,317,1
158,4,1
158,11,2
158,12,1
158,14,2
158,17,2
158,20,3
158,22,1
158,24,1
158,28,1
158,34,3
158,38,1
158,39,4
158,41,4
158,44,2
158,46,3
158,47,2
158,51,5
158,53,2
158,57,1
158,59,1
158,60,1
158,63,3
158,68,2
158,70,1
158,71,2
158,72,2
158,74,1
158,77,1
158,79,1
158,82,5
158,83,2
158,85,3
158,86,1
158,89,1
158,90,2
158,93,4
158,95,3
158,104,2
158,108,2
158,109,2
158,111,1
158,112,2
158,116,2
158,118,1
158,120,1
158,122,1
158,123,2
158,126,1
158,128,2
158,129,1
158,133,1
158,134,2
158,138,1
158,142,4
158,152,4
158,154,1
158,156,3
158,166,2
158,176,1
158,179,1
158,180,2
158,184,1
158,186,1
158,188,1
158,191,1
158,193,1
158,194,1
158,197,3
158,199,2
158,203,2
158,212,1
158,214,1
158,219,1
158,220,2
158,222,2
158,225,2
158,227,1
158,229,1
158,232,4
158,236,3
158,238,1
158,239,11
158,241,1
158,245,2
158,248,1
158,249,1
158,251,2
158,252,2
158,253,2
158,254,3
158,255,1
158,258,1
158,261,4
158,263,2
158,266,1
158,271,2
158,277,1
158,278,1
158,281,1
158,285,2
158,289,1
158,291,5
158,296,1
158,308,1
158,310,1
158,312,1
158,313,1
158,314,6
158,315,1
158,321,1
159,6,2
159,11,1
159,12,1
159,18,2
159,20,1
159,24,1
159,26,1
159,28,1
159,30,1
159,33,2
159,39,1
159,44,1
159,53,1
159,55,1
159,57,1
159,68,3
159,70,1
159,71,4
159,74,1
159,77,2
159,82,2
159,83,1
159,85,2
159,88,1
159,93,1
159,96,1
159,97,2
159,104,1
159,111,2
159,115,1
159,118,1
159,120,3
159,125,1
159,126,1
159,129,1
159,130,1
159,135,1
159,145,2
159,157,2
159,161,1
159,165,3
159,166,3
159,167,2
159,174,1
159,175,1
159,178,1
159,186,1
159,187,2
159,188,1
159,191,1
159,197,1
159,199,1
159,225,1
159,239,5
159,242,1
159,244,1
159,247,1
159,248,6
159,251,1
159,252,2
159,258,1
159,261,3
159,263,3
159,264,1
159,267,1
159,278,1
159,285,1
159,287,1
159,310,1
159,312,1
159,316,1
159,317,2
160,9,1
160,11,1
160,14,1
160,24,2
160,34,2
160,52,1
160,55,1
160,68,1
160,72,1
160,74,1
160,77,4
160,82,1
160,83,4
160,93,3
160,95,4
160,104,2
160,108,1
160,109,1
160,120,4
160,122,1
160,126,1
160,129,1
160,132,1
160,141,3
160,145,1
160,151,1
160,154,1
160,161,1
160,176,1
160,178,1
160,186,1
160,214,1
160,216,4
160,232,2
160,234,2
160,239,2
160,249,1
160,251,1
160,264,1
160,267,1
160,271,2
160,282,2
160,306,1
160,307,2
160,308,3
160,310,1
160,312,1
161,2,1
161,24,2
161,30,1
161,33,1
161,34,1
161,52,2
161,57,1
161,61,1
161,70,2
161,71,4
161,79,1
161,83,1
161,87,1
161,96,1
161,104,2
161,120,1
161,126,1
161,130,2
161,132,1
161,138,1
161,142,1
161,157,1
161,163,1
161,165,1
161,166,2
161,168,1
161,172,1
161,174,1
161,175,1
161,176,1
161,186,1
161,196,8
161,216,1
161,229,1
161,234,1
161,239,2
161,242,1
161,244,1
161,247,1
161,248,5
161,251,1
161,252,1
161,261,1
161,262,1
161,267,1
161,298,1
161,299,1
161,301,1
161,307,2
161,310,4
162,8,2
162,11,1
162,12,1
162,14,1
162,20,1
162,24,1
162,33,1
162,34,2
162,44,1
162,46,1
162,51,1
162,53,1
162,57,1
162,68,2
162,72,1
162,74,1
162,77,1
162,79,1
162,82,5
162,83,5
162,85,2
162,86,1
162,87,1
162,89,1
162,93,4
162,95,2
162,96,2
162,97,2
162,104,4
162,108,1
162,109,1
162,111,2
162,115,1
162,123,1
162,125,1
162,126,1
162,129,1
162,130,2
162,134,1
162,141,1
162,142,3
162,145,2
162,152,2
162,156,2
162,157,2
162,159,2
162,161,1
162,166,2
162,175,1
162,176,1
162,186,1
162,189,1
162,191,1
162,203,1
162,204,1
162,214,1
162,216,1
162,219,1
162,225,1
162,229,1
162,234,1
162,239,4
162,242,1
162,244,1
162,248,4
162,249,1
162,259,1
162,260,1
162,261,4
162,263,2
162,267,2
162,271,1
162,277,2
162,278,1
162,291,5
162,296,1
162,301,1
162,304,1
162,308,2
162,310,5
162,312,1
162,314,1
162,317,1
162,318,1
163,42,1
163,57,1
163,77,1
163,83,1
163,86,1
163,99,4
163,104,1
163,126,1
163,138,1
163,142,1
163,145,2
163,150,2
163,157,1
163,161,1
163,164,1
163,165,1
163,166,2
163,168,1
163,176,1
163,183,1
163,186,3
163,189,1
163,192,1
163,206,1
163,214,1
163,239,2
163,242,1
163,244,1
163,248,1
163,262,1
163,271,3
163,299,1
163,310,1
164,42,1
164,44,1
164,52,2
164,57,1
164,68,1
164,77,1
164,79,2
164,83,1
164,87,1
164,115,1
164,134,1
164,141,1
164,145,1
164,161,1
164,163,2
164,165,1
164,166,1
164,168,1
164,176,1
164,186,3
164,200,1
164,207,5
164,216,5
164,239,6
164,244,1
164,248,2
164,262,1
164,275,3
164,281,1
164,282,2
164,283,6
164,299,1
164,315,1
165,8,3
165,30,1
165,42,1
165,57,1
165,71,4
165,82,1
165,83,3
165,87,1
165,97,2
165,104,1
165,129,1
165,138,1
165,141,1
165,142,1
165,145,1
165,156,2
165,157,1
165,159,2
165,161,1
165,164,3
165,166,2
165,176,1
165,186,2
165,204,1
165,207,5
165,209,3
165,216,6
165,219,1
165,239,2
165,248,1
165,262,1
165,263,8
165,277,1
165,285,3
165,301,1
165,306,1
165,312,1
166,4,1
166,24,1
166,34,1
166,42,1
166,52,1
166,55,1
166,60,1
166,67,2
166,68,1
166,71,2
166,77,3
166,82,1
166,83,5
166,85,1
166,89,1
166,92,2
166,95,4
166,96,2
166,104,3
166,111,2
166,120,2
166,130,1
166,134,5
166,145,3
166,156,1
166,158,1
166,159,1
166,161,1
166,163,2
166,167,3
166,176,1
166,180,1
166,186,1
166,189,1
166,197,1
166,200,1
166,207,2
166,234,1
166,239,2
166,244,1
166,247,2
166,248,2
166,252,4
166,263,2
166,267,1
166,278,1
166,291,5
166,296,1
166,307,2
166,308,1
167,7,1
167,33,2
167,42,1
167,67,2
167,77,1
167,83,3
167,85,1
167,89,1
167,96,2
167,102,4
167,118,1
167,120,2
167,125,1
167,130,1
167,138,1
167,145,1
167,157,1
167,159,2
167,161,1
167,165,2
167,166,3
167,176,1
167,186,1
167,200,1
167,204,1
167,214,1
167,239,1
167,247,2
167,248,1
167,254,1
167,267,4
167,271,1
167,299,1
167,305,1
167,310,1
167,312,1
167,317,1
168,2,1
168,7,1
168,11,1
168,53,2
168,57,1
168,61,3
168,67,1
168,68,1
168,71,3
168,77,1
168,79,3
168,83,3
168,87,1
168,96,2
168,97,1
168,102,4
168,122,1
168,126,1
168,129,1
168,134,2
168,145,4
168,157,2
168,161,1
168,163,1
168,165,1
168,167,2
168,172,1
168,176,1
168,186,1
168,196,8
168,200,2
168,214,1
168,239,6
168,242,1
168,244,1
168,248,1
168,261,1
168,263,2
168,267,1
168,285,1
168,287,2
168,317,1
169,41,2
169,47,1
169,51,1
169,57,1
169,83,1
169,84,1
169,85,1
169,86,1
169,104,1
169,109,1
169,110,1
169,129,1
169,170,1
169,188,1
169,212,1
169,219,1
169,232,3
169,238,1
169,244,1
169,248,1
169,252,1
169,260,2
170,6,1
170,9,1
170,22,1
170,28,1
170,39,3
170,41,1
170,44,1
170,47,1
170,59,1
170,69,1
170,84,1
170,85,2
170,86,1
170,93,2
170,104,1
170,108,1
170,112,4
170,119,4
170,128,3
170,138,1
170,148,2
170,149,1
170,152,1
170,166,1
170,180,1
170,212,1
170,222,2
170,227,2
170,232,3
170,236,2
170,238,1
170,241,1
170,253,1
170,254,2
170,260,2
170,261,1
170,263,1
170,289,1
170,297,1
170,307,2
170,314,2
171,16,1
171,42,1
171,51,1
171,57,1
171,83,1
171,126,1
171,138,1
171,145,1
171,161,1
171,164,1
171,165,1
171,168,1
171,172,1
171,176,1
171,186,2
171,239,2
171,242,1
171,244,1
171,248,1
171,262,1
171,263,1
171,277,1
171,287,1
171,305,2
172,43,1
172,57,3
172,61,3
172,71,2
172,77,3
172,79,1
172,82,2
172,83,4
172,84,1
172,89,1
172,94,1
172,96,1
172,97,2
172,105,1
172,120,2
172,130,1
172,134,4
172,138,1
172,145,1
172,159,1
172,161,1
172,163,1
172,168,1
172,176,1
172,186,1
172,197,1
172,216,2
172,219,1
172,239,4
172,242,1
172,243,1
172,244,1
172,248,4
172,251,1
172,252,2
172,262,1
172,271,1
172,304,1
172,310,3
172,312,2
172,317,1
173,9,3
173,20,3
173,28,1
173,38,1
173,39,1
173,44,1
173,48,1
173,53,1
173,58,2
173,63,1
173,64,1
173,72,1
173,82,1
173,85,1
173,86,2
173,90,2
173,93,4
173,104,1
173,108,1
173,109,3
173,112,6
173,116,3
173,118,1
173,129,1
173,135,1
173,142,1
173,147,1
173,148,2
173,154,1
173,158,3
173,166,2
173,170,2
173,178,2
173,180,5
173,187,1
173,188,1
173,190,1
173,199,3
173,203,2
173,225,1
173,227,1
173,232,1
173,241,1
173,245,1
173,248,1
173,252,2
173,254,2
173,258,2
173,260,1
173,261,4
173,263,2
173,291,5
173,296,1
173,297,1
173,307,1
173,313,2
174,18,2
174,55,1
174,57,2
174,71,4
174,77,4
174,83,4
174,99,1
174,115,1
174,120,1
174,125,1
174,126,1
174,129,1
174,138,1
174,141,1
174,145,2
174,159,1
174,161,5
174,163,2
174,164,1
174,172,1
174,176,1
174,186,1
174,207,5
174,216,1
174,239,1
174,242,1
174,244,1
174,248,1
174,277,1
174,281,1
174,312,2
174,317,1
175,2,1
175,14,2
175,16,1
175,33,1
175,34,1
175,55,1
175,57,1
175,60,1
175,61,4
175,68,1
175,70,1
175,82,1
175,83,1
175,85,1
175,88,4
175,89,1
175,96,2
175,104,4
175,105,1
175,111,1
175,120,1
175,128,2
175,130,2
175,134,6
175,156,2
175,159,2
175,161,1
175,165,1
175,166,3
175,176,1
175,179,1
175,186,1
175,190,1
175,191,1
175,196,8
175,197,1
175,200,1
175,216,1
175,229,1
175,239,10
175,242,1
175,243,1
175,244,1
175,247,1
175,248,1
175,251,2
175,252,2
175,255,1
175,262,1
175,263,2
175,267,1
175,271,3
175,278,1
175,287,2
175,304,1
175,307,1
175,317,2
175,318,1
176,67,1
176,83,1
176,102,4
176,115,1
176,141,1
176,145,2
176,161,1
176,168,2
176,186,1
177,8,2
177,43,1
177,55,1
177,68,1
177,83,1
177,115,1
177,129,1
177,130,1
177,138,1
177,141,2
177,145,1
177,156,1
177,161,1
177,175,1
177,176,1
177,186,1
177,229,1
177,232,1
177,244,1
177,248,2
177,249,1
177,259,1
177,263,13
178,14,2
178,21,2
178,44,1
178,51,1
178,63,2
178,68,2
178,69,1
178,72,1
178,79,1
178,82,1
178,85,2
178,86,1
178,89,1
178,109,2
178,112,5
178,116,4
178,130,1
178,145,1
178,149,4
178,152,1
178,154,1
178,156,1
178,157,1
178,180,6
178,188,1
178,189,1
178,199,1
178,225,2
178,227,2
178,232,1
178,238,1
178,239,1
178,254,1
178,258,1
178,260,1
178,261,5
178,267,1
178,289,1
178,296,1
178,307,1
178,314,1
178,318,1
178,319,2
179,24,2
179,42,1
179,67,1
179,68,1
179,83,1
179,104,1
179,119,1
179,142,3
179,145,3
179,161,1
179,175,1
179,176,1
179,186,1
179,206,1
179,251,2
179,267,2
179,314,1
180,9,4
180,38,1
180,41,3
180,47,1
180,63,3
180,84,1
180,85,1
180,89,1
180,90,1
180,108,1
180,109,1
180,112,4
180,116,3
180,128,1
180,149,1
180,152,1
180,158,4
180,166,1
180,173,1
180,187,1
180,193,1
180,199,1
180,232,4
180,236,2
180,238,1
180,254,1
180,258,1
180,259,1
180,291,5
180,297,1
180,313,1
182,8,3
182,12,1
182,21,2
182,39,1
182,51,1
182,52,2
182,61,1
182,68,1
182,83,3
182,85,1
182,99,4
182,104,1
182,120,2
182,145,2
182,150,2
182,159,1
182,161,1
182,163,2
182,165,1
182,176,1
182,186,1
182,204,1
182,214,1
182,239,2
182,242,1
182,248,1
182,261,1
182,271,2
182,276,2
182,307,3
182,314,1
183,4,1
183,26,1
183,33,1
183,34,2
183,43,1
183,53,1
183,57,1
183,70,1
183,79,1
183,83,1
183,87,1
183,88,1
183,89,1
183,96,1
183,104,1
183,111,1
183,129,1
183,142,1
183,145,2
183,161,1
183,163,1
183,164,1
183,165,1
183,176,1
183,186,2
183,207,1
183,239,4
183,242,1
183,244,1
183,247,1
183,248,2
183,251,2
183,261,3
183,267,1
183,276,2
183,285,3
183,287,2
183,291,5
183,302,2
183,314,1
184,12,1
184,14,1
184,17,2
184,55,1
184,129,1
184,148,2
184,170,2
184,176,1
184,188,1
184,190,1
184,236,2
184,241,1
184,248,1
184,253,1
184,254,2
184,268,1
184,312,1
185,4,1
185,8,1
185,18,1
185,33,1
185,34,1
185,57,1
185,71,2
185,82,1
185,83,1
185,87,1
185,105,1
185,129,1
185,141,1
185,155,1
185,159,1
185,161,1
185,165,1
185,176,1
185,183,1
185,186,1
185,197,3
185,209,1
185,216,1
185,239,5
185,242,1
185,244,1
185,248,1
185,263,2
185,267,1
185,276,2
185,285,1
185,287,1
186,12,1
186,57,1
186,61,3
186,71,1
186,77,4
186,83,1
186,86,1
186,88,1
186,104,1
186,126,1
186,145,2
186,150,2
186,156,1
186,161,1
186,163,2
186,174,1
186,176,1
186,189,1
186,192,1
186,239,1
186,242,1
186,244,1
186,248,3
186,251,1
186,263,1
186,271,2
186,277,1
186,304,1
186,308,2
186,317,1
187,9,2
187,12,1
187,14,1
187,38,1
187,44,1
187,51,1
187,59,1
187,86,1
187,89,1
187,92,1
187,93,2
187,97,2
187,108,1
187,116,1
187,129,1
187,130,1
187,147,1
187,148,2
187,176,1
187,180,1
187,194,1
187,203,1
187,220,2
187,238,1
187,258,1
187,259,1
187,261,2
187,310,2
187,313,1
187,314,1
188,12,1
188,20,2
188,34,1
188,38,1
188,39,1
188,41,2
188,46,2
188,48,2
188,51,2
188,58,1
188,72,1
188,77,4
188,84,1
188,85,2
188,90,1
188,110,1
188,116,2
188,119,4
188,142,1
188,173,1
188,212,1
188,232,1
188,244,1
188,245,1
188,260,3
188,261,1
188,289,1
188,291,6
189,30,1
189,52,1
189,67,2
189,77,4
189,82,4
189,83,1
189,104,1
189,105,1
189,111,1
189,145,3
189,159,1
189,161,1
189,166,1
189,186,2
189,207,3
189,252,1
189,263,1
189,310,1
189,317,1
190,4,1
190,6,1
190,8,1
190,12,1
190,20,1
190,39,1
190,46,1
190,47,1
190,51,7
190,55,3
190,64,1
190,69,1
190,71,2
190,85,1
190,96,2
190,97,1
190,99,2
190,109,1
190,116,1
190,129,1
190,145,2
190,149,2
190,154,1
190,159,1
190,163,2
190,182,1
190,184,1
190,191,1
190,241,1
190,248,2
190,260,1
190,261,2
190,302,3
190,312,1
191,18,1
191,24,1
191,65,4
191,67,1
191,70,1
191,71,4
191,83,1
191,89,2
191,104,1
191,111,1
191,129,1
191,132,1
191,134,1
191,161,3
191,165,1
191,170,1
191,186,1
191,190,1
191,252,1
191,271,1
191,298,1
191,302,2
191,307,1
191,310,3
192,57,1
192,61,2
192,68,1
192,70,1
192,77,1
192,79,1
192,83,1
192,99,4
192,104,1
192,141,1
192,145,3
192,150,2
192,161,1
192,163,5
192,165,1
192,175,2
192,182,1
192,186,2
192,187,1
192,225,1
192,232,1
192,239,2
192,242,1
192,243,2
192,244,1
192,247,1
192,252,2
192,255,1
192,264,1
192,271,2
192,277,1
192,312,1
193,9,3
193,12,1
193,14,3
193,17,1
193,20,1
193,38,1
193,41,3
193,46,2
193,48,1
193,51,4
193,64,1
193,72,1
193,84,1
193,85,1
193,86,1
193,88,1
193,93,1
193,108,1
193,109,1
193,110,1
193,116,1
193,118,1
193,129,1
193,130,1
193,135,1
193,149,4
193,152,4
193,159,1
193,172,1
193,173,1
193,180,5
193,190,1
193,194,1
193,199,1
193,225,1
193,227,1
193,232,1
193,236,1
193,241,1
193,254,3
193,261,1
193,263,1
193,305,1
193,310,2
193,319,3
193,321,1
194,9,1
194,14,1
194,24,2
194,41,1
194,59,1
194,85,1
194,88,1
194,92,2
194,93,1
194,104,1
194,109,1
194,112,3
194,118,1
194,128,1
194,130,2
194,148,1
194,152,1
194,170,1
194,203,2
194,209,1
194,212,1
194,216,1
194,227,1
194,232,1
194,236,2
194,241,1
194,254,3
194,261,1
194,296,1
194,297,1
194,304,1
194,310,3
194,312,1
194,314,1
195,8,3
195,9,2
195,11,1
195,12,1
195,14,4
195,17,1
195,20,1
195,24,1
195,33,1
195,39,1
195,42,1
195,52,2
195,53,2
195,55,1
195,57,2
195,63,1
195,64,1
195,68,1
195,72,1
195,74,1
195,77,5
195,79,1
195,82,3
195,83,4
195,85,2
195,88,1
195,89,1
195,92,2
195,93,3
195,96,3
195,97,1
195,104,4
195,109,2
195,111,1
195,116,2
195,118,1
195,128,1
195,130,3
195,141,1
195,142,4
195,145,2
195,152,2
195,159,1
195,161,1
195,165,1
195,166,1
195,175,1
195,176,1
195,179,1
195,180,1
195,184,1
195,186,1
195,190,2
195,191,1
195,197,1
195,200,1
195,203,2
195,204,1
195,216,1
195,227,1
195,232,3
195,236,2
195,239,1
195,241,1
195,248,1
195,249,1
195,252,2
195,259,1
195,260,1
195,261,3
195,263,1
195,267,1
195,271,2
195,276,1
195,285,1
195,291,6
195,304,1
195,306,1
195,308,2
195,310,4
195,314,1
196,2,1
196,9,1
196,21,2
196,24,3
196,42,1
196,48,1
196,67,1
196,68,2
196,79,1
196,83,1
196,84,1
196,86,1
196,87,1
196,97,1
196,104,1
196,109,1
196,122,1
196,126,1
196,145,3
196,159,1
196,161,1
196,168,1
196,175,1
196,176,1
196,179,1
196,186,1
196,207,1
196,232,1
196,242,1
196,244,1
196,251,4
196,261,1
196,263,2
196,298,1
196,310,2
197,26,1
197,55,1
197,57,1
197,61,2
197,68,1
197,71,1
197,82,10
197,109,1
197,129,1
197,133,2
197,154,2
197,176,1
197,209,5
197,234,1
197,239,3
197,248,4
197,249,1
197,259,1
197,262,1
197,263,2
197,267,2
197,276,1
197,281,1
197,285,4
197,287,1
197,307,1
197,310,1
197,312,2
197,314,1
198,6,1
198,44,1
198,51,3
198,52,1
198,55,1
198,123,1
198,125,1
198,312,1
199,6,1
199,41,1
199,44,1
199,51,1
199,128,1
199,142,1
199,145,1
199,166,1
199,176,1
199,180,1
199,222,2
199,263,2
199,319,3
200,57,1
200,61,2
200,67,1
200,68,1
200,83,2
200,104,1
200,145,2
200,159,1
200,161,1
200,164,1
200,168,1
200,174,1
200,175,1
200,176,1
200,186,1
200,239,2
200,244,1
200,248,3
200,262,1
200,275,3
200,283,5
200,301,1
201,16,1
201,42,1
201,52,1
201,57,1
201,60,1
201,61,1
201,83,1
201,85,1
201,96,1
201,97,2
201,99,3
201,111,2
201,115,1
201,126,1
201,129,1
201,134,4
201,138,1
201,145,2
201,150,2
201,161,1
201,163,2
201,175,1
201,176,1
201,186,3
201,239,2
201,242,1
201,248,1
201,251,3
201,252,2
201,263,1
201,271,2
201,301,1
202,17,1
202,41,1
202,48,1
202,51,1
202,59,1
202,148,2
202,216,1
202,248,1
202,313,1
202,314,1
203,6,1
203,51,1
203,82,1
203,86,1
203,93,1
203,129,1
203,165,1
203,173,2
203,176,1
203,296,1
204,33,2
204,43,1
204,48,1
204,71,2
204,77,1
204,79,1
204,82,1
204,83,4
204,84,1
204,85,2
204,87,1
204,88,2
204,89,1
204,96,3
204,111,1
204,122,1
204,129,1
204,130,1
204,138,1
204,142,4
204,145,2
204,157,1
204,161,1
204,165,4
204,166,2
204,176,1
204,186,1
204,188,1
204,189,1
204,206,1
204,239,2
204,244,1
204,248,1
204,251,1
204,252,2
204,258,1
204,267,1
204,277,2
204,291,6
204,299,1
204,301,1
204,306,4
204,310,2
204,318,1
205,6,1
205,9,2
205,14,2
205,20,2
205,39,1
205,41,1
205,44,1
205,46,1
205,59,1
205,63,1
205,64,1
205,72,1
205,84,2
205,85,2
205,86,1
205,104,1
205,108,1
205,109,2
205,110,1
205,112,2
205,116,3
205,118,1
205,128,2
205,129,1
205,130,1
205,135,1
205,148,2
205,152,1
205,154,2
205,157,1
205,180,2
205,184,1
205,187,3
205,188,1
205,193,1
205,197,1
205,199,2
205,203,4
205,208,1
205,216,2
205,222,2
205,225,1
205,227,1
205,236,3
205,241,1
205,249,1
205,253,1
205,254,3
205,258,1
205,260,1
205,261,5
205,263,2
205,268,1
205,296,2
205,316,1
205,319,3
206,2,1
206,11,1
206,21,2
206,24,2
206,34,1
206,51,1
206,52,1
206,57,1
206,68,4
206,77,4
206,83,2
206,84,1
206,96,1
206,97,2
206,104,1
206,109,1
206,111,1
206,120,2
206,126,1
206,130,1
206,142,1
206,145,2
206,152,1
206,156,1
206,157,2
206,159,2
206,161,1
206,166,2
206,175,2
206,176,1
206,179,1
206,186,1
206,196,8
206,197,1
206,200,1
206,219,1
206,227,1
206,229,1
206,234,2
206,239,9
206,243,1
206,248,7
206,251,3
206,252,1
206,255,1
206,271,2
206,277,1
206,291,6
206,301,1
206,310,5
206,317,1
207,4,1
207,18,2
207,34,1
207,67,2
207,70,1
207,83,1
207,95,4
207,104,3
207,132,2
207,134,1
207,138,1
207,142,2
207,145,1
207,161,1
207,165,1
207,166,1
207,174,1
207,176,1
207,186,1
207,189,1
207,192,1
207,216,4
207,308,1
208,6,1
208,9,2
208,17,2
208,29,1
208,39,1
208,44,1
208,47,3
208,48,1
208,51,1
208,55,2
208,59,1
208,118,1
208,129,1
208,145,1
208,154,1
208,155,1
208,170,1
208,184,1
208,214,1
208,216,3
208,241,1
208,264,1
208,268,1
208,296,2
209,48,1
209,68,1
209,71,2
209,82,7
209,83,2
209,85,1
209,87,1
209,93,1
209,116,1
209,129,1
209,133,1
209,134,4
209,165,1
209,176,1
209,194,1
209,197,3
209,203,2
209,216,2
209,229,1
209,239,2
209,251,2
209,261,1
209,287,1
209,307,2
209,312,2
210,2,1
210,16,1
210,55,1
210,68,1
210,83,1
210,129,1
210,145,1
210,161,1
210,166,1
210,175,1
210,176,1
210,182,1
210,186,1
210,189,1
210,196,8
210,229,1
210,242,1
210,244,1
210,247,1
212,12,1
212,17,1
212,22,1
212,38,1
212,39,2
212,41,10
212,47,4
212,58,2
212,84,1
212,86,1
212,110,1
212,119,4
212,120,1
212,170,1
212,176,1
212,188,1
212,248,1
212,260,3
212,321,1
213,9,2
213,53,1
213,82,8
213,85,2
213,92,2
213,133,2
213,165,1
213,186,1
213,188,1
213,197,2
213,209,2
213,232,1
213,239,2
213,291,6
214,1,1
214,7,1
214,11,1
214,12,2
214,20,1
214,24,1
214,26,1
214,33,1
214,34,1
214,48,1
214,52,1
214,53,1
214,55,1
214,60,1
214,68,1
214,70,1
214,72,1
214,82,2
214,83,2
214,86,1
214,87,1
214,88,3
214,89,1
214,97,2
214,104,2
214,105,1
214,115,1
214,116,1
214,120,4
214,125,1
214,129,1
214,130,2
214,133,1
214,134,1
214,135,1
214,141,3
214,145,2
214,151,1
214,152,1
214,156,1
214,157,1
214,160,1
214,161,1
214,162,1
214,163,2
214,165,1
214,166,2
214,178,2
214,186,2
214,199,3
214,200,1
214,216,4
214,219,1
214,227,1
214,232,1
214,239,4
214,244,1
214,247,1
214,248,2
214,251,1
214,252,3
214,259,1
214,263,2
214,264,1
214,282,2
214,289,1
214,301,1
214,307,2
214,308,2
214,310,1
214,315,1
214,316,1
214,319,2
215,1,2
215,19,3
215,57,1
215,61,1
215,83,1
215,90,8
215,91,11
215,138,1
215,144,13
215,145,1
215,172,1
215,176,1
215,232,1
215,239,3
215,243,1
215,261,1
215,281,2
215,293,5
215,301,4
215,302,1
215,312,1
215,315,4
216,29,1
216,55,2
216,57,1
216,77,1
216,82,1
216,83,1
216,84,1
216,91,2
216,104,1
216,110,1
216,116,2
216,120,1
216,141,3
216,151,1
216,152,2
216,160,1
216,161,1
216,165,2
216,175,1
216,179,1
216,186,1
216,190,1
216,207,3
216,214,2
216,215,3
216,225,1
216,234,2
216,242,1
216,244,1
216,248,3
216,255,1
216,264,1
216,267,1
216,275,1
216,277,1
216,282,2
216,285,1
216,308,2
217,42,1
217,67,1
217,83,1
217,104,1
217,129,1
217,130,1
217,134,1
217,145,3
217,161,1
217,162,1
217,164,1
217,176,1
217,186,2
217,248,1
217,305,1
217,312,1
219,9,2
219,11,1
219,14,3
219,20,1
219,24,2
219,30,1
219,33,1
219,34,1
219,41,2
219,42,1
219,53,2
219,55,1
219,57,1
219,61,1
219,64,1
219,68,1
219,74,1
219,77,1
219,79,1
219,82,1
219,83,1
219,84,1
219,85,1
219,89,1
219,90,1
219,91,5
219,97,2
219,104,1
219,105,1
219,111,1
219,116,1
219,118,1
219,120,2
219,126,1
219,129,1
219,130,2
219,134,4
219,142,1
219,145,1
219,152,2
219,156,3
219,157,1
219,161,1
219,162,1
219,165,3
219,166,2
219,172,1
219,176,1
219,186,1
219,188,1
219,199,1
219,203,1
219,214,1
219,216,1
219,236,2
219,239,11
219,242,1
219,243,1
219,244,1
219,247,1
219,248,2
219,251,1
219,252,3
219,261,2
219,263,10
219,267,1
219,277,2
219,285,1
219,289,1
219,291,6
219,301,1
219,304,1
219,305,1
219,306,4
219,307,1
219,308,1
219,310,3
219,316,1
219,317,2
220,12,1
220,14,1
220,20,1
220,24,3
220,28,1
220,34,1
220,38,1
220,39,1
220,41,2
220,44,1
220,60,1
220,64,1
220,69,1
220,70,1
220,72,1
220,74,1
220,85,1
220,93,1
220,104,1
220,108,1
220,112,2
220,118,1
220,129,1
220,133,1
220,134,1
220,152,2
220,154,2
220,155,1
220,170,1
220,176,1
220,178,3
220,179,1
220,186,1
220,187,3
220,232,2
220,251,1
220,253,1
220,254,1
220,266,1
220,267,2
220,277,1
220,278,1
220,285,2
220,289,1
220,296,1
220,307,1
220,308,1
220,312,1
220,314,2
220,316,1
220,319,2
220,321,1
221,1,2
221,18,1
221,53,1
221,55,2
221,68,1
221,79,1
221,83,3
221,96,2
221,97,2
221,99,3
221,104,1
221,111,2
221,122,1
221,134,4
221,145,1
221,156,2
221,159,1
221,161,1
221,165,3
221,168,1
221,176,1
221,186,1
221,191,2
221,200,1
221,216,1
221,219,1
221,239,2
221,242,1
221,244,1
221,251,1
221,262,1
221,263,3
221,277,1
221,299,1
221,302,3
221,304,1
221,306,5
221,308,1
221,310,1
222,6,2
222,9,2
222,12,2
222,14,3
222,20,2
222,30,1
222,39,1
222,41,10
222,44,1
222,46,1
222,48,3
222,55,2
222,58,1
222,63,1
222,64,1
222,69,2
222,72,2
222,74,1
222,77,2
222,82,1
222,86,2
222,92,2
222,93,4
222,97,1
222,108,2
222,109,4
222,110,1
222,116,4
222,118,1
222,128,1
222,129,1
222,130,3
222,152,5
222,154,2
222,170,1
222,178,2
222,180,5
222,187,3
222,190,1
222,193,1
222,194,1
222,198,2
222,199,1
222,203,4
222,208,2
222,214,1
222,225,3
222,227,4
222,232,2
222,236,3
222,241,1
222,245,1
222,248,1
222,253,2
222,254,4
222,259,1
222,260,3
222,261,7
222,263,3
222,266,1
222,268,1
222,278,1
222,289,1
222,296,2
222,299,1
222,304,2
222,308,1
222,313,1
222,314,7
222,319,3
222,321,1
223,16,1
223,42,1
223,51,1
223,52,2
223,53,1
223,55,1
223,61,2
223,77,1
223,83,1
223,85,1
223,91,2
223,94,1
223,99,2
223,104,1
223,111,1
223,122,1
223,126,1
223,145,1
223,161,3
223,163,1
223,164,2
223,168,3
223,176,1
223,186,3
223,191,1
223,215,3
223,234,2
223,239,2
223,242,1
223,244,1
223,248,5
223,262,1
223,263,1
223,267,1
223,275,2
223,277,2
223,287,3
223,305,1
224,29,4
224,85,1
224,187,2
224,216,1
224,312,1
225,11,1
225,12,1
225,14,2
225,20,2
225,24,1
225,28,1
225,34,1
225,38,1
225,41,2
225,44,1
225,46,1
225,47,1
225,48,1
225,51,5
225,55,1
225,61,1
225,63,2
225,68,3
225,74,1
225,83,2
225,88,1
225,91,2
225,108,1
225,109,1
225,110,1
225,116,4
225,123,2
225,142,1
225,147,1
225,148,2
225,149,3
225,152,3
225,154,1
225,156,1
225,165,1
225,176,1
225,186,1
225,187,1
225,194,1
225,199,1
225,203,1
225,214,1
225,215,3
225,222,2
225,227,3
225,239,11
225,245,2
225,248,2
225,251,1
225,254,3
225,255,1
225,258,2
225,260,1
225,261,7
225,278,1
225,289,1
225,297,2
225,304,1
225,310,3
225,313,1
225,314,5
225,315,1
225,316,1
225,317,1
225,319,3
226,12,1
226,18,1
226,22,1
226,39,3
226,51,3
226,63,2
226,92,2
226,110,1
226,123,1
226,176,1
226,180,2
226,232,1
226,261,1
226,297,1
227,11,2
227,55,1
227,86,1
227,116,1
227,118,1
227,145,2
227,152,1
227,225,1
227,229,1
227,255,1
227,261,1
227,314,1
228,8,3
228,29,1
228,43,1
228,55,1
228,57,1
228,71,3
228,82,10
228,83,3
228,87,1
228,91,2
228,120,1
228,129,1
228,133,1
228,176,1
228,197,4
228,209,5
228,215,3
228,216,3
228,239,2
228,243,1
228,258,1
228,264,1
228,312,1
229,11,1
229,33,1
229,53,2
229,68,2
229,83,2
229,85,1
229,88,2
229,96,1
229,97,1
229,99,1
229,104,1
229,125,1
229,134,4
229,138,1
229,141,1
229,152,1
229,159,1
229,161,2
229,163,2
229,165,1
229,166,1
229,174,1
229,186,1
229,206,1
229,207,1
229,214,1
229,216,2
229,227,2
229,242,1
229,244,1
229,248,1
229,267,2
229,306,1
229,318,1
230,12,1
230,14,2
230,46,1
230,47,1
230,51,1
230,63,2
230,67,1
230,110,1
230,112,2
230,128,1
230,129,1
230,158,4
230,166,1
230,180,6
230,189,1
230,232,1
230,238,1
230,261,1
230,291,6
232,14,1
232,41,1
232,51,1
232,110,1
232,112,4
232,170,1
232,176,1
232,180,1
232,188,1
232,241,1
232,250,2
232,253,1
232,260,2
232,289,1
232,297,2
234,12,1
234,14,2
234,24,4
234,26,1
234,33,1
234,43,1
234,52,1
234,55,2
234,57,1
234,63,1
234,68,1
234,70,1
234,72,2
234,77,1
234,82,1
234,83,4
234,91,2
234,97,2
234,104,3
234,110,1
234,111,1
234,120,2
234,122,1
234,126,1
234,130,1
234,134,1
234,141,2
234,145,1
234,151,1
234,152,1
234,156,1
234,157,2
234,160,1
234,161,1
234,162,1
234,163,1
234,166,1
234,172,1
234,175,1
234,176,1
234,186,1
234,188,1
234,197,4
234,203,1
234,204,1
234,206,1
234,209,3
234,214,1
234,215,3
234,216,3
234,220,1
234,225,1
234,229,1
234,239,2
234,242,1
234,244,1
234,247,1
234,248,3
234,252,1
234,258,1
234,259,1
234,262,2
234,263,12
234,264,1
234,267,2
234,268,1
234,275,1
234,277,1
234,282,2
234,287,1
234,289,1
234,299,1
234,304,1
234,308,1
234,310,1
234,312,1
234,317,1
235,6,1
235,112,1
235,149,1
235,173,3
235,248,1
235,254,1
236,6,1
236,9,1
236,11,3
236,12,1
236,14,3
236,17,1
236,20,1
236,28,1
236,34,1
236,39,1
236,41,3
236,44,1
236,48,1
236,52,1
236,53,1
236,55,1
236,63,1
236,69,1
236,71,1
236,74,1
236,82,2
236,85,2
236,86,1
236,89,1
236,93,1
236,104,1
236,108,1
236,109,2
236,112,4
236,116,1
236,120,1
236,125,1
236,128,1
236,130,1
236,133,1
236,135,1
236,152,2
236,154,1
236,156,1
236,167,2
236,178,1
236,180,5
236,187,1
236,190,1
236,199,2
236,203,1
236,206,1
236,208,1
236,220,1
236,225,2
236,232,3
236,239,1
236,245,1
236,248,2
236,251,1
236,254,2
236,260,1
236,261,5
236,263,5
236,271,2
236,278,1
236,285,1
236,289,1
236,296,1
236,304,1
236,307,2
236,308,1
236,313,1
236,314,3
236,319,3
237,83,1
237,161,1
237,186,1
238,20,1
238,28,2
238,39,1
238,41,1
238,44,2
238,46,2
238,47,1
238,48,1
238,63,2
238,68,1
238,72,1
238,82,2
238,85,1
238,93,2
238,104,1
238,109,1
238,112,4
238,118,1
238,147,1
238,149,1
238,152,1
238,158,1
238,165,1
238,166,1
238,170,1
238,173,1
238,175,1
238,176,1
238,187,1
238,188,1
238,227,1
238,232,2
238,241,1
238,245,1
238,253,1
238,254,3
238,255,1
238,261,1
238,296,2
239,11,1
239,24,4
239,26,2
239,28,1
239,33,1
239,34,2
239,68,1
239,83,1
239,87,1
239,91,1
239,108,1
239,122,1
239,126,1
239,141,1
239,142,4
239,145,3
239,155,1
239,161,1
239,162,1
239,164,2
239,165,1
239,168,1
239,176,1
239,183,1
239,186,2
239,197,1
239,242,1
239,244,1
239,247,5
239,248,2
239,251,1
239,263,1
239,267,3
239,276,3
239,285,4
239,287,2
239,308,1
240,43,1
240,57,1
240,68,1
240,70,1
240,83,1
240,88,3
240,104,1
240,120,2
240,145,1
240,161,1
240,164,2
240,175,1
240,176,1
240,186,1
240,207,3
240,239,3
240,242,1
240,244,1
240,248,2
240,260,1
240,271,1
240,283,3
240,299,1
240,301,1
241,6,1
241,17,1
241,33,1
241,39,1
241,44,2
241,46,1
241,51,6
241,55,1
241,63,1
241,69,1
241,72,1
241,115,1
241,118,1
241,123,1
241,147,1
241,148,3
241,166,1
241,190,1
241,194,1
241,198,3
241,203,2
241,208,1
241,222,2
241,236,2
241,248,1
241,250,2
241,259,1
241,312,1
241,314,1
242,2,1
242,16,1
242,24,1
242,43,1
242,52,1
242,53,3
242,57,2
242,68,3
242,70,1
242,72,1
242,77,5
242,79,1
242,82,3
242,83,1
242,87,1
242,104,1
242,126,1
242,134,6
242,138,1
242,145,2
242,156,1
242,157,1
242,161,5
242,163,2
242,165,1
242,168,2
242,172,1
242,176,1
242,183,1
242,186,1
242,196,8
242,197,1
242,239,11
242,244,1
242,248,4
242,251,3
242,252,1
242,262,1
242,267,1
242,287,2
242,299,1
242,305,1
242,306,4
242,318,1
243,42,1
243,57,1
243,83,1
243,85,1
243,90,2
243,91,4
243,97,1
243,115,1
243,138,1
243,141,1
243,161,1
243,176,1
243,186,1
243,192,1
243,232,1
243,239,2
243,247,5
243,248,1
243,264,1
243,301,1
244,83,1
244,97,2
244,104,1
244,122,1
244,126,1
244,138,1
244,145,1
244,161,1
244,163,1
244,175,1
244,176,1
244,186,1
244,199,2
244,232,1
244,242,1
244,248,2
244,263,14
244,299,1
245,9,2
245,12,1
245,20,1
245,41,1
245,46,2
245,51,1
245,58,1
245,85,2
245,86,1
245,104,1
245,129,1
245,148,2
245,173,1
245,180,1
245,188,1
245,241,1
245,250,2
245,254,2
245,319,3
247,29,4
247,33,2
247,34,4
247,55,1
247,57,2
247,61,3
247,70,1
247,79,1
247,83,1
247,85,1
247,87,1
247,89,1
247,92,2
247,96,1
247,104,1
247,105,1
247,130,1
247,134,4
247,154,1
247,157,1
247,161,1
247,166,2
247,167,1
247,175,1
247,186,1
247,239,5
247,243,1
247,248,4
247,261,1
247,267,1
247,276,1
247,285,1
247,304,1
247,310,1
247,317,1
248,8,1
248,9,3
248,11,1
248,18,1
248,20,1
248,24,1
248,26,2
248,30,1
248,34,1
248,43,1
248,51,1
248,52,1
248,53,1
248,55,1
248,67,1
248,68,1
248,69,1
248,70,1
248,77,5
248,79,2
248,82,1
248,83,3
248,87,1
248,88,1
248,90,1
248,104,2
248,116,1
248,120,2
248,130,2
248,135,1
248,138,1
248,142,1
248,145,3
248,159,1
248,161,4
248,162,1
248,164,5
248,165,1
248,166,2
248,172,1
248,175,1
248,176,1
248,178,1
248,182,1
248,186,1
248,187,2
248,188,1
248,189,1
248,198,2
248,200,1
248,203,1
248,206,1
248,207,1
248,214,1
248,222,2
248,229,1
248,244,1
248,247,5
248,251,3
248,258,1
248,267,1
248,275,3
248,283,6
248,285,5
248,287,2
248,299,1
248,307,3
248,308,2
248,310,2
248,314,2
248,317,1
248,319,3
249,8,3
249,26,1
249,61,4
249,67,1
249,68,1
249,77,1
249,82,2
249,83,1
249,95,1
249,104,1
249,129,1
249,141,1
249,145,1
249,159,1
249,161,1
249,176,1
249,186,1
249,209,3
249,232,1
249,239,2
249,242,1
249,244,1
249,248,1
249,264,1
250,6,1
250,51,1
250,85,2
250,149,2
250,241,2
250,249,1
251,2,1
251,7,1
251,8,3
251,16,1
251,24,2
251,30,1
251,39,2
251,42,1
251,52,1
251,53,2
251,57,1
251,68,4
251,70,1
251,77,5
251,79,2
251,83,2
251,89,1
251,94,1
251,96,1
251,104,1
251,111,2
251,115,1
251,138,1
251,145,1
251,161,1
251,166,2
251,172,1
251,175,2
251,176,1
251,179,1
251,186,3
251,196,8
251,206,1
251,229,1
251,239,3
251,242,1
251,243,1
251,244,1
251,248,4
251,271,1
251,275,2
251,276,4
251,277,2
251,282,2
251,305,1
251,307,2
251,310,2
251,312,1
251,317,1
252,52,1
252,53,1
252,57,1
252,65,1
252,67,1
252,83,2
252,85,1
252,96,1
252,116,1
252,138,1
252,142,1
252,156,1
252,161,1
252,164,1
252,166,1
252,175,1
252,186,1
252,192,1
252,207,5
252,232,1
252,244,1
252,248,1
252,261,1
252,317,1
253,12,1
253,14,2
253,20,1
253,38,1
253,48,1
253,51,1
253,53,1
253,85,1
253,86,1
253,128,1
253,129,1
253,130,1
253,166,1
253,180,5
253,188,1
253,203,2
253,236,2
253,248,1
253,250,1
253,254,2
253,259,1
253,261,1
253,289,1
253,302,1
254,9,3
254,20,2
254,21,2
254,38,1
254,41,1
254,58,1
254,72,1
254,82,1
254,90,1
254,97,1
254,116,1
254,148,2
254,152,1
254,166,1
254,173,1
254,176,1
254,184,1
254,187,2
254,220,1
254,225,2
254,239,4
254,244,1
254,255,1
254,281,1
254,304,1
254,314,4
255,28,1
255,39,2
255,69,1
255,72,1
255,115,1
255,129,1
255,154,2
255,155,1
255,166,1
255,297,1
255,310,1
255,314,4
256,46,2
256,65,4
256,67,1
256,82,4
256,83,1
256,104,2
256,111,3
256,134,1
256,138,1
256,145,3
256,159,1
256,161,1
256,166,2
256,176,1
256,186,1
256,244,1
256,291,6
257,83,1
257,161,1
257,162,1
257,186,1
258,9,2
258,12,1
258,14,3
258,20,2
258,24,1
258,39,1
258,41,1
258,46,1
258,60,1
258,67,1
258,68,1
258,70,1
258,82,1
258,83,1
258,84,1
258,85,3
258,104,1
258,109,1
258,112,1
258,123,1
258,149,5
258,152,1
258,157,1
258,159,1
258,165,2
258,176,1
258,186,1
258,187,2
258,188,1
258,193,1
258,198,3
258,200,1
258,232,1
258,238,1
258,244,1
258,248,2
258,252,2
258,275,1
258,283,1
258,301,1
258,307,1
259,48,1
259,68,1
259,82,1
259,104,1
259,145,1
259,152,1
259,154,1
259,159,1
259,176,1
259,180,1
259,187,2
259,188,1
259,190,1
259,200,1
259,204,1
259,225,1
259,227,1
259,229,1
259,232,2
259,238,1
259,255,1
259,261,3
259,281,1
259,302,2
259,304,1
259,305,1
259,310,2
260,6,1
260,9,2
260,12,1
260,17,1
260,20,1
260,28,3
260,34,1
260,38,1
260,41,2
260,47,1
260,48,1
260,53,1
260,60,1
260,64,1
260,84,2
260,86,2
260,104,1
260,108,2
260,110,1
260,111,1
260,116,1
260,130,1
260,148,2
260,152,3
260,154,1
260,166,1
260,170,2
260,176,1
260,178,2
260,180,1
260,184,1
260,188,1
260,190,2
260,191,1
260,197,1
260,203,2
260,214,1
260,225,2
260,227,1
260,232,2
260,236,2
260,238,1
260,254,2
260,255,1
260,258,1
260,261,2
260,302,3
260,310,2
260,313,2
260,314,1
260,317,1
260,319,3
260,321,1
261,12,2
261,20,3
261,21,2
261,28,1
261,34,1
261,41,1
261,43,1
261,46,1
261,47,1
261,48,1
261,51,5
261,53,1
261,55,2
261,59,1
261,69,1
261,74,1
261,79,1
261,82,1
261,83,1
261,84,2
261,85,1
261,86,3
261,93,1
261,99,1
261,109,1
261,110,1
261,112,6
261,116,3
261,118,1
261,119,4
261,128,2
261,129,1
261,130,3
261,138,1
261,145,1
261,148,2
261,152,4
261,157,1
261,158,3
261,170,2
261,175,1
261,176,1
261,180,1
261,184,1
261,187,2
261,188,1
261,194,1
261,199,1
261,203,2
261,208,1
261,212,1
261,216,1
261,222,1
261,225,2
261,227,2
261,232,1
261,236,2
261,242,1
261,244,1
261,248,2
261,251,1
261,254,2
261,255,1
261,258,1
261,260,3
261,289,1
261,312,1
261,314,1
261,318,1
262,8,2
262,16,1
262,34,1
262,42,1
262,51,1
262,70,1
262,82,4
262,83,1
262,87,1
262,126,1
262,141,1
262,145,1
262,147,1
262,161,1
262,164,2
262,165,1
262,167,2
262,175,1
262,176,1
262,186,2
262,239,1
262,242,1
262,243,1
262,244,1
262,263,1
262,277,1
262,287,3
262,299,1
262,305,1
263,7,1
263,8,2
263,11,2
263,12,1
263,14,4
263,20,1
263,24,1
263,26,1
263,28,1
263,34,4
263,44,1
263,48,2
263,52,2
263,53,4
263,55,1
263,57,2
263,61,1
263,63,1
263,68,3
263,72,1
263,77,5
263,79,1
263,82,3
263,83,5
263,86,3
263,88,1
263,89,1
263,93,1
263,94,1
263,96,2
263,97,2
263,104,5
263,108,1
263,111,1
263,116,3
263,118,1
263,120,1
263,123,1
263,128,1
263,129,1
263,130,3
263,134,6
263,135,1
263,138,1
263,141,1
263,142,1
263,152,3
263,156,3
263,157,2
263,159,2
263,161,1
263,163,2
263,165,4
263,172,1
263,175,1
263,176,1
263,178,1
263,179,1
263,186,1
263,187,2
263,189,1
263,190,1
263,191,1
263,193,1
263,196,8
263,197,1
263,199,2
263,200,1
263,204,1
263,214,1
263,216,1
263,219,1
263,232,1
263,236,3
263,239,7
263,248,2
263,249,1
263,251,1
263,252,4
263,254,1
263,255,1
263,258,1
263,261,2
263,271,3
263,277,2
263,281,1
263,283,1
263,285,2
263,291,6
263,302,3
263,304,1
263,306,5
263,307,3
263,308,1
263,310,3
263,312,2
263,314,2
263,315,1
263,317,1
263,318,1
263,319,2
263,321,1
264,18,1
264,77,4
264,82,4
264,83,1
264,97,2
264,129,1
264,134,4
264,159,2
264,161,1
264,176,1
264,186,2
264,209,2
264,242,1
264,244,1
264,248,1
264,267,1
265,42,1
265,43,1
265,53,1
265,83,1
265,104,1
265,129,1
265,161,1
265,186,2
265,216,1
265,244,1
265,276,1
266,38,1
266,39,2
266,41,2
266,44,1
266,53,1
266,74,1
266,82,1
266,118,1
266,128,1
266,134,1
266,158,3
266,176,1
266,289,1
266,296,1
267,24,1
267,26,1
267,33,3
267,34,2
267,42,1
267,43,1
267,77,4
267,83,1
267,87,1
267,95,3
267,97,2
267,105,1
267,119,2
267,120,1
267,128,1
267,142,1
267,145,1
267,152,1
267,154,1
267,155,1
267,159,1
267,161,1
267,163,2
267,166,2
267,167,2
267,176,1
267,183,1
267,186,1
267,197,1
267,227,1
267,232,1
267,239,5
267,242,1
267,244,1
267,247,1
267,263,10
267,264,1
267,283,1
267,285,2
267,312,1
267,318,1
268,6,1
268,12,1
268,17,2
268,20,1
268,28,1
268,39,1
268,41,6
268,44,1
268,47,1
268,51,2
268,59,1
268,72,1
268,82,1
268,84,1
268,85,2
268,86,2
268,93,1
268,110,1
268,116,2
268,119,4
268,128,1
268,152,2
268,157,1
268,166,1
268,184,1
268,188,1
268,193,1
268,197,2
268,199,1
268,203,1
268,216,1
268,222,2
268,225,1
268,227,3
268,236,2
268,238,1
268,253,1
268,254,1
268,261,4
268,289,1
268,297,1
268,313,2
268,318,1
268,319,2
271,8,3
271,9,2
271,18,1
271,42,1
271,52,1
271,53,4
271,57,3
271,60,2
271,61,2
271,68,1
271,69,1
271,70,1
271,71,1
271,77,2
271,83,2
271,89,1
271,96,2
271,99,3
271,104,2
271,111,4
271,115,1
271,134,4
271,138,1
271,150,2
271,157,1
271,160,1
271,161,1
271,163,5
271,166,1
271,168,1
271,176,1
271,182,1
271,186,3
271,191,2
271,216,1
271,239,4
271,242,1
271,244,1
271,247,1
271,248,1
271,267,1
271,277,2
271,299,1
271,310,1
272,9,1
272,22,1
272,39,1
272,173,1
272,184,1
272,248,1
273,9,3
273,22,1
273,39,3
273,41,1
273,47,1
273,48,1
273,53,1
273,84,1
273,85,1
273,86,1
273,104,2
273,110,1
273,111,1
273,119,1
273,128,2
273,130,1
273,149,1
273,157,1
273,166,1
273,170,1
273,173,1
273,175,1
273,187,1
273,194,1
273,212,1
273,225,1
273,232,1
273,236,2
273,251,3
273,254,1
273,261,1
273,310,2
275,9,2
275,14,1
275,34,2
275,41,1
275,42,1
275,52,3
275,55,1
275,57,1
275,67,1
275,68,1
275,71,1
275,77,3
275,79,3
275,82,2
275,83,2
275,85,1
275,89,2
275,104,1
275,105,1
275,109,1
275,111,1
275,115,1
275,120,3
275,126,1
275,129,1
275,152,1
275,161,1
275,164,4
275,166,1
275,176,1
275,179,1
275,186,2
275,188,1
275,189,1
275,198,1
275,200,1
275,207,1
275,216,1
275,239,1
275,244,1
275,247,3
275,248,4
275,261,2
275,267,1
275,271,1
275,281,1
275,283,6
275,307,2
275,308,1
275,310,2
275,312,1
275,317,2
276,26,2
276,33,1
276,34,5
276,39,1
276,43,1
276,47,1
276,51,1
276,53,1
276,68,1
276,77,1
276,79,1
276,83,1
276,87,1
276,91,2
276,105,1
276,111,1
276,115,1
276,122,1
276,126,1
276,129,1
276,130,1
276,134,5
276,145,2
276,155,1
276,161,1
276,165,1
276,166,1
276,176,1
276,183,1
276,186,1
276,215,3
276,227,2
276,232,1
276,239,5
276,247,5
276,248,2
276,251,1
276,263,2
276,267,4
276,283,2
276,285,4
276,307,1
276,318,1
277,24,2
277,43,1
277,57,1
277,61,1
277,68,2
277,77,5
277,83,1
277,111,2
277,126,1
277,129,1
277,130,1
277,138,1
277,145,3
277,157,1
277,159,1
277,161,1
277,166,1
277,175,1
277,186,1
277,229,1
277,244,1
277,247,1
277,248,2
277,251,1
277,262,1
277,263,2
277,267,1
277,287,1
277,304,1
277,305,1
277,310,2
278,7,1
278,39,1
278,83,3
278,85,1
278,89,1
278,96,2
278,102,4
278,145,3
278,161,1
278,176,1
278,182,1
278,186,1
278,239,2
278,244,1
278,248,1
278,261,1
278,263,1
278,267,1
278,276,4
278,277,1
278,317,2
279,83,1
279,104,1
279,142,1
279,145,3
279,161,1
279,186,1
279,232,1
279,249,1
281,1,2
281,19,3
281,24,3
281,57,1
281,71,1
281,77,3
281,83,1
281,89,1
281,90,8
281,91,11
281,109,1
281,144,13
281,176,1
281,197,1
281,215,5
281,232,1
281,239,3
281,261,2
281,283,1
281,293,5
281,301,4
281,312,1
281,315,4
282,29,1
282,34,1
282,55,2
282,83,3
282,87,1
282,104,1
282,120,4
282,141,3
282,145,1
282,151,1
282,160,1
282,161,1
282,164,2
282,186,1
282,191,2
282,214,1
282,216,4
282,252,2
282,264,1
282,302,3
282,308,3
282,310,1
282,317,1
283,52,2
283,67,2
283,79,2
283,83,1
283,85,1
283,97,1
283,104,1
283,115,1
283,134,4
283,145,1
283,161,1
283,164,3
283,176,1
283,186,1
283,200,1
283,207,3
283,229,1
283,239,1
283,244,1
283,248,4
283,267,1
283,275,3
283,318,1
284,6,2
284,38,1
284,41,1
284,44,2
284,51,2
284,86,1
284,116,2
284,118,1
284,129,1
284,154,1
284,173,1
284,203,2
284,208,1
284,248,1
284,260,1
284,297,1
284,314,1
285,14,1
285,26,2
285,34,2
285,39,1
285,41,1
285,43,1
285,52,1
285,57,1
285,71,5
285,77,1
285,79,1
285,82,2
285,83,2
285,84,1
285,87,1
285,93,1
285,104,1
285,105,1
285,126,1
285,130,1
285,141,2
285,145,1
285,154,1
285,155,1
285,157,2
285,159,1
285,161,1
285,165,4
285,172,1
285,179,1
285,183,1
285,186,2
285,197,3
285,198,1
285,216,1
285,232,1
285,236,1
285,239,14
285,242,1
285,248,2
285,267,2
285,276,4
285,281,1
285,287,2
285,304,1
285,312,1
286,6,2
286,51,1
286,149,3
286,170,1
286,176,1
286,190,1
286,198,2
286,208,1
286,212,1
286,229,1
286,241,2
286,261,1
287,6,1
287,16,1
287,33,3
287,34,1
287,55,1
287,57,1
287,71,5
287,77,1
287,83,1
287,104,1
287,126,1
287,134,5
287,161,1
287,176,1
287,186,1
287,191,1
287,197,2
287,222,2
287,248,1
287,262,1
287,263,1
287,277,2
287,291,6
287,299,1
287,305,2
287,307,1
288,9,2
288,11,2
288,12,1
288,17,2
288,20,1
288,28,1
288,34,1
288,38,1
288,46,1
288,47,1
288,48,1
288,51,4
288,53,1
288,64,1
288,68,1
288,77,4
288,84,1
288,85,1
288,86,1
288,93,1
288,104,1
288,105,1
288,108,3
288,109,2
288,112,1
288,116,1
288,123,1
288,129,1
288,130,1
288,135,1
288,149,4
288,152,1
288,165,1
288,170,1
288,176,1
288,180,1
288,187,2
288,188,1
288,190,1
288,193,1
288,194,1
288,214,1
288,225,1
288,227,1
288,232,1
288,244,1
288,248,2
288,250,2
288,253,1
288,254,3
288,259,1
288,260,2
288,261,2
288,277,2
288,305,1
288,313,2
288,316,1
289,6,2
289,41,4
289,51,1
289,69,1
289,85,2
289,112,1
289,129,1
289,148,2
289,170,1
289,174,1
289,188,1
289,232,1
289,241,1
289,248,1
289,253,1
289,258,1
291,83,1
291,96,3
291,111,1
291,141,1
291,142,1
291,161,2
291,166,1
291,176,1
291,186,2
293,1,2
293,12,1
293,19,3
293,55,1
293,57,1
293,61,5
293,77,4
293,83,3
293,86,1
293,90,8
293,91,11
293,96,1
293,115,1
293,138,1
293,144,13
293,157,1
293,172,1
293,176,1
293,215,5
293,239,3
293,244,1
293,248,1
293,261,1
293,281,2
293,301,4
293,308,2
293,312,1
293,315,4
293,321,1
294,83,1
294,138,1
294,161,1
294,176,1
294,186,1
294,263,5
295,43,1
295,57,1
295,67,1
295,77,4
295,83,1
295,97,1
295,104,1
295,122,1
295,126,1
295,129,1
295,134,6
295,161,1
295,166,1
295,172,1
295,176,1
295,186,1
295,209,3
295,242,1
295,243,1
295,244,1
295,248,1
295,261,3
295,277,1
296,6,1
296,12,1
296,39,1
296,46,1
296,47,2
296,51,1
296,57,1
296,63,2
296,82,1
296,85,1
296,93,1
296,112,2
296,148,1
296,152,1
296,158,1
296,166,1
296,173,3
296,178,2
296,180,1
296,184,1
296,203,2
296,208,1
296,225,1
296,236,2
296,241,1
296,310,2
296,312,1
297,4,1
297,12,1
297,17,2
297,41,1
297,47,1
297,58,2
297,85,1
297,86,1
297,119,1
297,149,1
297,170,1
297,184,1
297,232,2
297,245,1
297,261,1
297,296,1
297,312,1
298,2,1
298,24,2
298,61,4
298,68,1
298,70,1
298,71,4
298,82,1
298,83,1
298,115,1
298,122,1
298,132,1
298,145,1
298,156,1
298,159,1
298,161,5
298,164,4
298,165,1
298,176,1
298,186,3
298,196,8
298,216,1
298,239,3
298,242,1
298,244,1
298,248,1
298,262,1
298,263,2
298,264,1
298,267,1
298,287,1
298,307,2
298,310,3
298,312,1
299,52,1
299,53,1
299,55,1
299,57,1
299,68,1
299,71,1
299,79,1
299,83,1
299,96,1
299,102,4
299,104,1
299,120,1
299,145,2
299,157,1
299,159,1
299,161,1
299,162,1
299,176,1
299,182,1
299,186,1
299,200,1
299,239,2
299,242,1
299,244,1
299,248,4
299,251,2
299,287,1
299,317,2
300,17,1
300,38,1
300,148,2
300,227,1
300,319,3
301,1,2
301,16,1
301,19,3
301,57,1
301,77,4
301,83,1
301,89,1
301,90,8
301,91,11
301,111,1
301,144,13
301,149,1
301,165,1
301,172,1
301,176,1
301,215,5
301,232,1
301,239,3
301,244,1
301,261,1
301,262,2
301,263,1
301,277,1
301,281,2
301,287,2
301,293,5
301,302,1
301,305,1
301,312,1
301,315,4
302,6,1
302,148,2
302,241,1
302,249,1
303,9,1
303,53,1
303,57,1
303,68,1
303,71,2
303,72,1
303,79,1
303,83,1
303,88,3
303,95,2
303,96,1
303,104,2
303,111,1
303,126,1
303,134,1
303,138,1
303,142,2
303,145,2
303,152,1
303,156,1
303,161,1
303,165,2
303,166,1
303,176,1
303,186,1
303,192,1
303,219,1
303,227,1
303,242,1
303,244,1
303,248,1
303,263,4
303,267,2
303,306,4
303,308,1
303,318,1
304,9,1
304,12,1
304,29,1
304,34,1
304,48,1
304,55,2
304,57,1
304,61,3
304,68,1
304,69,1
304,71,3
304,72,2
304,82,11
304,83,1
304,86,3
304,88,1
304,89,1
304,92,2
304,104,1
304,105,1
304,108,1
304,111,1
304,116,2
304,128,1
304,129,1
304,130,3
304,138,1
304,141,2
304,152,4
304,154,3
304,157,2
304,159,1
304,162,1
304,166,2
304,172,1
304,175,1
304,176,1
304,183,1
304,187,1
304,188,1
304,191,1
304,197,6
304,203,2
304,209,3
304,216,1
304,227,2
304,229,1
304,236,2
304,239,9
304,244,1
304,248,2
304,252,2
304,259,1
304,260,2
304,261,3
304,264,1
304,267,3
304,271,1
304,276,1
304,285,3
304,302,1
304,310,1
304,312,2
304,314,1
305,16,1
305,24,1
305,34,1
305,52,1
305,53,1
305,57,1
305,68,1
305,70,1
305,77,1
305,79,1
305,83,4
305,96,3
305,97,2
305,104,2
305,120,1
305,126,1
305,129,1
305,134,1
305,145,2
305,152,1
305,157,1
305,161,5
305,164,1
305,165,1
305,167,3
305,176,1
305,182,1
305,183,1
305,186,2
305,239,2
305,242,1
305,244,1
305,248,3
305,249,1
305,251,2
305,262,1
305,263,1
305,277,2
305,287,1
305,306,1
305,307,2
306,57,1
306,79,1
306,83,3
306,87,1
306,94,1
306,104,1
306,129,1
306,138,1
306,156,1
306,161,1
306,165,1
306,176,1
306,186,1
306,197,2
306,219,1
306,242,1
306,243,1
306,244,1
306,263,1
306,278,1
307,4,1
307,24,3
307,52,1
307,70,1
307,71,5
307,82,1
307,83,1
307,91,2
307,93,1
307,104,2
307,122,1
307,132,1
307,145,1
307,161,5
307,176,1
307,182,1
307,186,1
307,191,1
307,197,2
307,209,2
307,215,3
307,248,5
307,255,1
307,285,2
307,287,3
307,298,1
308,12,1
308,24,4
308,29,1
308,55,1
308,68,1
308,83,1
308,88,1
308,94,1
308,110,1
308,120,2
308,130,1
308,141,3
308,142,1
308,151,1
308,160,1
308,161,1
308,165,1
308,166,1
308,176,1
308,186,1
308,207,5
308,214,1
308,216,3
308,234,1
308,239,3
308,248,1
308,263,3
308,264,1
308,275,1
308,282,2
308,312,1
309,2,1
309,26,2
309,57,1
309,68,1
309,77,5
309,83,1
309,87,1
309,97,2
309,99,1
309,111,2
309,115,1
309,126,1
309,134,5
309,145,1
309,161,1
309,176,1
309,186,1
309,196,8
309,239,2
309,242,1
309,244,1
309,248,1
309,251,1
309,263,7
309,301,1
310,2,1
310,4,1
310,16,1
310,24,4
310,34,2
310,42,1
310,51,1
310,57,1
310,68,1
310,70,2
310,71,3
310,77,1
310,82,1
310,83,1
310,95,3
310,109,1
310,115,1
310,122,1
310,126,1
310,132,1
310,134,1
310,142,3
310,145,1
310,158,1
310,161,4
310,163,1
310,164,1
310,165,1
310,166,1
310,170,1
310,176,1
310,183,1
310,186,2
310,191,2
310,194,1
310,196,8
310,207,2
310,209,2
310,214,1
310,216,1
310,239,3
310,242,1
310,244,1
310,247,1
310,248,4
310,251,1
310,262,1
310,264,1
310,267,1
310,271,1
310,277,2
310,283,3
310,289,1
310,296,1
310,298,1
310,307,1
311,12,1
311,39,1
311,51,1
311,82,2
311,145,1
311,148,2
311,154,2
311,155,1
311,158,3
311,220,1
311,241,1
311,260,2
311,283,1
311,314,5
312,18,1
312,28,1
312,29,3
312,55,1
312,57,1
312,68,1
312,71,2
312,82,10
312,90,1
312,92,1
312,125,1
312,128,1
312,129,1
312,133,1
312,159,1
312,165,1
312,176,1
312,197,3
312,209,4
312,216,1
312,222,2
312,239,2
312,244,1
312,248,1
312,253,1
312,263,2
312,308,1
313,6,1
313,9,2
313,12,1
313,14,1
313,20,1
313,34,1
313,44,2
313,51,6
313,63,1
313,72,1
313,85,1
313,86,2
313,93,1
313,97,1
313,108,1
313,109,2
313,128,1
313,129,1
313,135,1
313,148,2
313,152,2
313,154,2
313,155,1
313,176,1
313,178,2
313,187,2
313,188,1
313,190,1
313,194,1
313,227,1
313,245,1
313,258,1
313,260,1
313,261,3
313,268,1
313,296,1
313,302,3
313,312,1
313,314,4
313,319,1
314,9,1
314,12,1
314,14,1
314,22,1
314,34,1
314,39,2
314,41,1
314,44,1
314,48,2
314,63,1
314,72,1
314,77,4
314,82,1
314,83,1
314,85,1
314,93,2
314,104,1
314,110,1
314,112,2
314,116,1
314,119,1
314,129,1
314,133,1
314,134,1
314,147,1
314,148,2
314,149,2
314,152,3
314,154,3
314,155,1
314,166,1
314,175,1
314,179,1
314,187,1
314,190,1
314,199,1
314,225,2
314,227,2
314,236,1
314,253,1
314,255,1
314,258,1
314,259,1
314,261,3
314,266,1
314,268,1
314,277,1
314,278,1
314,285,1
314,296,1
314,308,1
314,310,1
314,312,1
314,313,1
314,318,1
315,1,2
315,9,2
315,12,1
315,14,1
315,19,3
315,44,1
315,51,1
315,55,2
315,57,1
315,61,5
315,71,1
315,83,1
315,89,1
315,90,8
315,91,11
315,104,1
315,130,1
315,144,13
315,157,1
315,172,1
315,176,1
315,203,1
315,215,5
315,232,1
315,239,4
315,248,2
315,261,1
315,271,2
315,281,2
315,293,5
315,301,4
315,308,1
315,312,1
316,29,4
316,48,1
316,51,2
316,55,1
316,59,1
316,69,1
316,120,1
316,145,1
316,184,1
316,216,1
316,319,3
317,8,3
317,18,1
317,52,1
317,55,2
317,57,1
317,61,1
317,77,4
317,79,1
317,83,4
317,89,2
317,96,1
317,99,1
317,102,4
317,120,1
317,128,1
317,130,1
317,138,1
317,145,3
317,152,1
317,157,1
317,159,2
317,161,1
317,167,3
317,168,2
317,174,1
317,176,1
317,182,1
317,186,2
317,214,1
317,216,1
317,219,1
317,239,2
317,242,1
317,243,1
317,244,1
317,248,2
317,251,1
317,252,1
317,263,1
317,287,3
317,301,1
317,308,1
317,318,1
318,65,1
318,83,1
318,104,1
318,161,1
318,186,1
318,189,1
318,214,1
319,11,1
319,38,1
319,51,1
319,85,1
319,128,1
319,135,1
319,148,2
319,178,2
319,248,2
320,18,1
320,34,1
320,41,1
320,42,1
320,51,1
320,53,1
320,60,1
320,77,5
320,82,1
320,83,2
320,104,1
320,115,1
320,118,1
320,125,1
320,129,1
320,141,1
320,145,2
320,152,1
320,156,1
320,161,1
320,166,2
320,174,1
320,176,1
320,186,1
320,263,1
320,301,1
320,317,1
321,9,1
321,12,1
321,14,4
321,20,2
321,24,2
321,28,1
321,30,1
321,34,1
321,41,7
321,44,2
321,51,2
321,55,2
321,63,1
321,64,1
321,68,2
321,70,1
321,72,2
321,82,4
321,84,1
321,85,2
321,88,3
321,89,1
321,93,4
321,97,2
321,108,1
321,110,1
321,112,6
321,116,5
321,118,1
321,128,1
321,129,1
321,142,1
321,147,1
321,148,2
321,152,3
321,154,2
321,156,1
321,157,1
321,166,2
321,170,1
321,176,1
321,178,2
321,180,1
321,187,3
321,188,1
321,203,1
321,219,1
321,220,2
321,222,2
321,225,2
321,227,3
321,229,1
321,234,1
321,236,3
321,238,1
321,239,10
321,241,1
321,248,2
321,249,1
321,251,2
321,253,1
321,254,4
321,255,1
321,258,2
321,259,1
321,261,8
321,263,3
321,266,1
321,271,1
321,277,1
321,278,1
321,281,1
321,285,1
321,289,1
321,296,1
321,304,1
321,307,3
321,308,1
321,310,2
321,314,2
321,317,2
321,318,1
321,319,2
322,14,1
322,17,2
322,51,3
322,129,1
322,145,1
322,212,1
322,227,1
322,232,1
322,241,1
322,253,1
322,261,1
322,289,1
322,319,3
